Timestamp,Device_ID,Region,Latency_ms,Packet_Loss_%,Bandwidth_MBps,Uptime_%
2025-11-01 00:00:00,Device_1,North,51.75,0.65,13.42,100.0
2025-11-01 01:00:00,Device_1,North,46.25,0.46,5.97,98.51
2025-11-01 02:00:00,Device_1,North,65.89,0.22,12.24,98.84
2025-11-01 03:00:00,Device_1,North,60.33,0.37,10.4,98.88
2025-11-01 04:00:00,Device_1,North,63.33,0.27,12.43,98.97
2025-11-01 05:00:00,Device_1,North,77.02,0.47,10.42,100.0
2025-11-01 06:00:00,Device_1,North,29.6,0.84,14.34,97.9
2025-11-01 07:00:00,Device_1,North,76.95,0.61,10.84,97.84
2025-11-01 08:00:00,Device_1,North,68.49,0.29,7.87,98.65
2025-11-01 09:00:00,Device_1,North,53.08,0.52,11.47,100.0
2025-11-01 10:00:00,Device_1,North,70.48,0.45,9.28,100.0
2025-11-01 11:00:00,Device_1,North,71.78,1.3,12.79,100.0
2025-11-01 12:00:00,Device_1,North,66.91,0.53,7.47,99.72
2025-11-01 13:00:00,Device_1,North,47.35,0.35,11.87,98.72
2025-11-01 14:00:00,Device_1,North,36.55,0.26,14.79,99.68
2025-11-01 15:00:00,Device_1,North,70.48,0.55,13.99,99.24
2025-11-01 16:00:00,Device_1,North,57.48,0.85,11.26,98.23
2025-11-01 17:00:00,Device_1,North,78.18,0.87,7.28,99.64
2025-11-01 18:00:00,Device_1,North,29.33,0.82,9.2,99.78
2025-11-01 19:00:00,Device_1,North,50.78,0.6,7.86,98.72
2025-11-01 20:00:00,Device_1,North,59.1,0.79,17.38,99.58
2025-11-01 21:00:00,Device_1,North,64.46,0.19,7.74,99.19
2025-11-01 22:00:00,Device_1,North,62.04,0.68,14.11,99.36
2025-11-01 23:00:00,Device_1,North,38.0,0.77,11.68,98.04
2025-11-02 00:00:00,Device_1,North,53.78,0.08,10.97,99.75
2025-11-02 01:00:00,Device_1,North,55.09,0.24,11.23,99.46
2025-11-02 02:00:00,Device_1,North,39.76,0.19,12.38,97.75
2025-11-02 03:00:00,Device_1,North,89.18,0.45,9.28,98.18
2025-11-02 04:00:00,Device_1,North,52.75,0.33,5.73,100.0
2025-11-02 05:00:00,Device_1,North,59.77,0.49,14.45,97.95
2025-11-02 06:00:00,Device_1,North,48.63,0.64,11.81,99.34
2025-11-02 07:00:00,Device_1,North,58.8,0.43,16.3,100.0
2025-11-02 08:00:00,Device_1,North,22.52,0.94,18.48,100.0
2025-11-02 09:00:00,Device_1,North,56.79,0.29,14.18,98.38
2025-11-02 10:00:00,Device_1,North,65.34,0.49,15.65,98.61
2025-11-02 11:00:00,Device_1,North,53.36,0.61,17.8,99.08
2025-11-02 12:00:00,Device_1,North,53.75,0.76,14.15,98.05
2025-11-02 13:00:00,Device_1,North,51.96,0.83,13.28,96.53
2025-11-02 14:00:00,Device_1,North,67.23,0.78,9.49,99.68
2025-11-02 15:00:00,Device_1,North,88.08,0.62,10.12,98.48
2025-11-02 16:00:00,Device_1,North,60.2,0.61,12.19,99.5
2025-11-02 17:00:00,Device_1,North,57.8,0.55,14.89,97.94
2025-11-02 18:00:00,Device_1,North,61.63,0.53,14.76,98.77
2025-11-02 19:00:00,Device_1,North,69.8,0.83,6.45,100.0
2025-11-02 20:00:00,Device_1,North,45.22,0.17,3.36,98.2
2025-11-02 21:00:00,Device_1,North,59.93,0.39,10.61,97.89
2025-11-02 22:00:00,Device_1,North,73.01,0.79,13.25,97.11
2025-11-02 23:00:00,Device_1,North,94.1,0.54,13.62,97.5
2025-11-03 00:00:00,Device_1,North,59.83,0.62,11.58,99.87
2025-11-03 01:00:00,Device_1,North,79.51,0.1,14.55,99.39
2025-11-03 02:00:00,Device_1,North,59.93,0.03,16.44,99.4
2025-11-03 03:00:00,Device_1,North,33.25,0.43,12.98,99.51
2025-11-03 04:00:00,Device_1,North,58.09,0.6,18.36,100.0
2025-11-03 05:00:00,Device_1,North,45.76,0.32,11.67,97.25
2025-11-03 06:00:00,Device_1,North,39.88,0.01,8.56,100.0
2025-11-03 07:00:00,Device_1,North,47.17,0.19,14.65,98.55
2025-11-03 08:00:00,Device_1,North,66.28,0.28,6.59,99.47
2025-11-03 09:00:00,Device_1,North,36.73,0.35,9.8,99.2
2025-11-03 10:00:00,Device_1,North,51.66,0.46,7.32,100.0
2025-11-03 11:00:00,Device_1,North,42.0,0.86,12.45,99.14
2025-11-03 12:00:00,Device_1,North,65.32,0.0,14.9,98.49
2025-11-03 13:00:00,Device_1,North,78.16,0.45,10.88,97.71
2025-11-03 14:00:00,Device_1,North,48.52,0.63,8.08,97.01
2025-11-03 15:00:00,Device_1,North,47.14,0.75,17.34,98.32
2025-11-03 16:00:00,Device_1,North,36.77,0.4,12.55,99.58
2025-11-03 17:00:00,Device_1,North,92.02,0.57,16.97,98.54
2025-11-03 18:00:00,Device_1,North,61.3,0.32,9.96,98.74
2025-11-03 19:00:00,Device_1,North,55.79,0.32,10.35,100.0
2025-11-03 20:00:00,Device_1,North,91.7,0.35,11.03,99.52
2025-11-03 21:00:00,Device_1,North,107.81,0.53,14.92,100.0
2025-11-03 22:00:00,Device_1,North,65.16,0.78,13.82,100.0
2025-11-03 23:00:00,Device_1,North,44.48,0.56,13.44,99.47
2025-11-04 00:00:00,Device_1,North,77.06,0.63,8.57,99.59
2025-11-04 01:00:00,Device_1,North,46.75,0.29,10.74,98.89
2025-11-04 02:00:00,Device_1,North,36.84,0.84,8.53,100.0
2025-11-04 03:00:00,Device_1,North,43.13,0.88,11.91,97.28
2025-11-04 04:00:00,Device_1,North,44.36,0.9,13.35,98.92
2025-11-04 05:00:00,Device_1,North,26.75,0.92,17.61,100.0
2025-11-04 06:00:00,Device_1,North,50.77,0.61,13.48,97.47
2025-11-04 07:00:00,Device_1,North,62.71,0.82,14.29,97.89
2025-11-04 08:00:00,Device_1,North,47.06,0.74,13.9,96.75
2025-11-04 09:00:00,Device_1,North,23.15,0.48,10.23,98.7
2025-11-04 10:00:00,Device_1,North,53.83,0.8,12.31,99.27
2025-11-04 11:00:00,Device_1,North,39.87,0.0,15.37,100.0
2025-11-04 12:00:00,Device_1,North,54.86,0.57,12.97,100.0
2025-11-04 13:00:00,Device_1,North,73.33,0.65,12.17,99.06
2025-11-04 14:00:00,Device_1,North,38.41,0.38,14.66,98.77
2025-11-04 15:00:00,Device_1,North,60.67,0.15,13.34,97.54
2025-11-04 16:00:00,Device_1,North,64.35,0.44,6.77,100.0
2025-11-04 17:00:00,Device_1,North,57.54,1.06,16.43,98.12
2025-11-04 18:00:00,Device_1,North,48.12,0.15,7.24,98.58
2025-11-04 19:00:00,Device_1,North,81.66,0.0,14.56,99.77
2025-11-04 20:00:00,Device_1,North,68.32,0.72,8.69,99.76
2025-11-04 21:00:00,Device_1,North,51.76,0.0,12.17,98.16
2025-11-04 22:00:00,Device_1,North,80.38,0.41,12.14,99.39
2025-11-04 23:00:00,Device_1,North,55.99,0.47,14.53,97.93
2025-11-05 00:00:00,Device_1,North,49.47,0.21,16.31,98.3
2025-11-05 01:00:00,Device_1,North,57.85,0.32,11.08,98.26
2025-11-05 02:00:00,Device_1,North,66.94,0.19,7.94,98.44
2025-11-05 03:00:00,Device_1,North,48.03,0.1,11.03,97.34
2025-11-05 04:00:00,Device_1,North,85.92,0.05,10.06,98.6
2025-11-05 05:00:00,Device_1,North,85.27,0.0,12.43,100.0
2025-11-05 06:00:00,Device_1,North,55.35,0.15,11.68,100.0
2025-11-05 07:00:00,Device_1,North,50.76,0.93,12.78,100.0
2025-11-05 08:00:00,Device_1,North,63.28,0.35,16.92,99.23
2025-11-05 09:00:00,Device_1,North,62.5,0.74,14.77,99.81
2025-11-05 10:00:00,Device_1,North,39.74,0.31,10.03,98.22
2025-11-05 11:00:00,Device_1,North,46.92,0.3,13.01,99.49
2025-11-05 12:00:00,Device_1,North,59.98,0.37,15.83,98.91
2025-11-05 13:00:00,Device_1,North,74.06,0.33,13.24,100.0
2025-11-05 14:00:00,Device_1,North,20.87,0.3,13.78,100.0
2025-11-05 15:00:00,Device_1,North,63.05,0.51,16.83,100.0
2025-11-05 16:00:00,Device_1,North,46.97,0.53,13.08,100.0
2025-11-05 17:00:00,Device_1,North,72.99,0.47,12.66,97.12
2025-11-05 18:00:00,Device_1,North,74.53,0.69,15.64,98.86
2025-11-05 19:00:00,Device_1,North,61.92,0.36,8.56,98.4
2025-11-05 20:00:00,Device_1,North,32.71,0.77,5.48,100.0
2025-11-05 21:00:00,Device_1,North,33.54,0.95,9.28,99.56
2025-11-05 22:00:00,Device_1,North,48.71,1.0,12.13,100.0
2025-11-05 23:00:00,Device_1,North,61.14,0.61,13.85,98.47
2025-11-06 00:00:00,Device_1,North,40.8,0.11,12.15,98.51
2025-11-06 01:00:00,Device_1,North,27.81,0.65,8.34,97.84
2025-11-06 02:00:00,Device_1,North,59.38,0.23,12.37,100.0
2025-11-06 03:00:00,Device_1,North,54.31,0.18,12.54,98.22
2025-11-06 04:00:00,Device_1,North,60.36,0.59,11.89,99.06
2025-11-06 05:00:00,Device_1,North,62.88,0.98,11.24,99.13
2025-11-06 06:00:00,Device_1,North,73.0,0.64,10.93,99.9
2025-11-06 07:00:00,Device_1,North,46.93,0.43,9.69,99.58
2025-11-06 08:00:00,Device_1,North,77.84,0.57,12.23,98.12
2025-11-06 09:00:00,Device_1,North,49.46,0.14,5.47,98.61
2025-11-06 10:00:00,Device_1,North,55.53,1.15,16.69,99.56
2025-11-06 11:00:00,Device_1,North,91.27,0.92,5.98,100.0
2025-11-06 12:00:00,Device_1,North,70.67,0.41,7.75,99.6
2025-11-06 13:00:00,Device_1,North,28.81,0.49,10.15,97.74
2025-11-06 14:00:00,Device_1,North,77.83,0.49,12.52,99.91
2025-11-06 15:00:00,Device_1,North,59.87,0.64,14.45,99.57
2025-11-06 16:00:00,Device_1,North,64.29,1.03,15.73,98.91
2025-11-06 17:00:00,Device_1,North,46.35,0.69,12.65,100.0
2025-11-06 18:00:00,Device_1,North,74.81,0.73,12.04,98.12
2025-11-06 19:00:00,Device_1,North,57.03,0.64,6.81,100.0
2025-11-06 20:00:00,Device_1,North,91.01,0.0,7.8,99.23
2025-11-06 21:00:00,Device_1,North,51.26,0.58,11.78,97.98
2025-11-06 22:00:00,Device_1,North,79.33,0.64,10.32,100.0
2025-11-06 23:00:00,Device_1,North,52.37,0.13,12.55,99.35
2025-11-07 00:00:00,Device_1,North,67.98,0.71,13.55,99.48
2025-11-07 01:00:00,Device_1,North,51.39,0.3,14.23,99.24
2025-11-07 02:00:00,Device_1,North,72.3,0.0,10.5,100.0
2025-11-07 03:00:00,Device_1,North,68.29,0.59,14.12,100.0
2025-11-07 04:00:00,Device_1,North,89.97,0.03,8.37,97.39
2025-11-07 05:00:00,Device_1,North,48.79,0.52,12.73,97.47
2025-11-07 06:00:00,Device_1,North,31.99,0.27,14.75,100.0
2025-11-07 07:00:00,Device_1,North,85.59,0.49,14.48,100.0
2025-11-07 08:00:00,Device_1,North,52.55,0.62,13.98,98.09
2025-11-07 09:00:00,Device_1,North,84.63,0.49,12.26,98.05
2025-11-07 10:00:00,Device_1,North,48.31,0.0,12.17,100.0
2025-11-07 11:00:00,Device_1,North,44.72,1.39,16.24,98.53
2025-11-07 12:00:00,Device_1,North,60.41,0.46,17.12,99.52
2025-11-07 13:00:00,Device_1,North,77.73,0.61,11.66,99.33
2025-11-07 14:00:00,Device_1,North,53.9,0.06,14.44,97.5
2025-11-07 15:00:00,Device_1,North,55.97,0.37,13.93,100.0
2025-11-07 16:00:00,Device_1,North,78.07,0.7,10.11,98.82
2025-11-07 17:00:00,Device_1,North,55.06,0.36,10.79,98.57
2025-11-07 18:00:00,Device_1,North,52.9,0.79,8.84,98.27
2025-11-07 19:00:00,Device_1,North,36.25,0.92,9.61,99.66
2025-11-07 20:00:00,Device_1,North,67.13,0.9,11.37,98.05
2025-11-07 21:00:00,Device_1,North,36.66,0.0,12.48,99.78
2025-11-07 22:00:00,Device_1,North,67.08,0.04,15.12,98.3
2025-11-07 23:00:00,Device_1,North,46.4,0.28,12.24,97.52
2025-11-01 00:00:00,Device_2,East,48.01,0.45,12.0,99.16
2025-11-01 01:00:00,Device_2,East,49.84,0.54,9.65,99.67
2025-11-01 02:00:00,Device_2,East,58.28,0.55,19.71,97.89
2025-11-01 03:00:00,Device_2,East,80.83,0.0,5.76,97.76
2025-11-01 04:00:00,Device_2,East,42.34,0.56,12.87,98.75
2025-11-01 05:00:00,Device_2,East,57.75,0.66,14.5,97.67
2025-11-01 06:00:00,Device_2,East,54.57,0.48,13.46,98.23
2025-11-01 07:00:00,Device_2,East,58.66,0.51,9.89,98.27
2025-11-01 08:00:00,Device_2,East,61.48,0.46,13.5,97.95
2025-11-01 09:00:00,Device_2,East,54.74,0.43,14.44,98.06
2025-11-01 10:00:00,Device_2,East,63.52,0.58,16.94,97.99
2025-11-01 11:00:00,Device_2,East,50.14,0.22,6.99,100.0
2025-11-01 12:00:00,Device_2,East,41.38,0.26,15.95,97.25
2025-11-01 13:00:00,Device_2,East,71.35,0.08,15.74,96.83
2025-11-01 14:00:00,Device_2,East,33.7,0.34,14.92,98.97
2025-11-01 15:00:00,Device_2,East,54.96,0.9,18.47,99.67
2025-11-01 16:00:00,Device_2,East,50.66,0.37,8.13,99.1
2025-11-01 17:00:00,Device_2,East,35.56,0.67,18.02,99.72
2025-11-01 18:00:00,Device_2,East,52.96,0.66,16.86,100.0
2025-11-01 19:00:00,Device_2,East,44.94,0.65,11.53,99.81
2025-11-01 20:00:00,Device_2,East,65.75,0.0,10.96,99.2
2025-11-01 21:00:00,Device_2,East,38.48,0.67,7.43,98.2
2025-11-01 22:00:00,Device_2,East,80.12,0.23,13.72,97.25
2025-11-01 23:00:00,Device_2,East,91.22,0.41,12.29,99.18
2025-11-02 00:00:00,Device_2,East,69.11,0.04,11.98,98.34
2025-11-02 01:00:00,Device_2,East,34.66,0.8,10.94,99.24
2025-11-02 02:00:00,Device_2,East,62.7,0.4,17.93,98.95
2025-11-02 03:00:00,Device_2,East,36.63,0.38,13.5,99.53
2025-11-02 04:00:00,Device_2,East,43.68,0.78,6.71,100.0
2025-11-02 05:00:00,Device_2,East,40.21,0.43,15.19,99.12
2025-11-02 06:00:00,Device_2,East,72.25,0.69,15.86,100.0
2025-11-02 07:00:00,Device_2,East,53.19,0.69,7.42,98.94
2025-11-02 08:00:00,Device_2,East,72.28,0.54,13.34,98.79
2025-11-02 09:00:00,Device_2,East,76.94,0.48,10.6,99.89
2025-11-02 10:00:00,Device_2,East,38.92,0.65,8.87,100.0
2025-11-02 11:00:00,Device_2,East,56.08,0.54,13.24,97.07
2025-11-02 12:00:00,Device_2,East,50.24,0.81,14.6,99.28
2025-11-02 13:00:00,Device_2,East,39.76,0.68,14.14,99.05
2025-11-02 14:00:00,Device_2,East,78.35,0.29,10.47,96.52
2025-11-02 15:00:00,Device_2,East,73.8,0.59,6.95,97.24
2025-11-02 16:00:00,Device_2,East,46.91,0.74,11.1,98.2
2025-11-02 17:00:00,Device_2,East,44.91,0.18,6.2,97.79
2025-11-02 18:00:00,Device_2,East,43.94,0.7,11.5,98.17
2025-11-02 19:00:00,Device_2,East,94.65,0.3,15.5,100.0
2025-11-02 20:00:00,Device_2,East,36.45,0.52,10.45,98.4
2025-11-02 21:00:00,Device_2,East,68.33,0.31,10.51,98.83
2025-11-02 22:00:00,Device_2,East,54.4,0.15,14.39,100.0
2025-11-02 23:00:00,Device_2,East,65.15,0.39,9.88,98.3
2025-11-03 00:00:00,Device_2,East,95.36,0.78,9.48,99.16
2025-11-03 01:00:00,Device_2,East,54.56,0.68,13.63,100.0
2025-11-03 02:00:00,Device_2,East,47.24,0.53,6.75,97.74
2025-11-03 03:00:00,Device_2,East,73.26,0.21,9.48,98.99
2025-11-03 04:00:00,Device_2,East,70.42,0.18,1.56,98.13
2025-11-03 05:00:00,Device_2,East,78.08,0.6,15.97,97.87
2025-11-03 06:00:00,Device_2,East,35.41,0.64,12.72,99.31
2025-11-03 07:00:00,Device_2,East,73.99,0.63,13.22,99.72
2025-11-03 08:00:00,Device_2,East,67.54,0.76,15.03,100.0
2025-11-03 09:00:00,Device_2,East,50.26,0.64,10.89,98.17
2025-11-03 10:00:00,Device_2,East,49.66,0.65,13.25,99.4
2025-11-03 11:00:00,Device_2,East,56.61,0.5,14.45,97.51
2025-11-03 12:00:00,Device_2,East,60.37,0.53,14.26,97.65
2025-11-03 13:00:00,Device_2,East,82.43,0.56,12.8,98.6
2025-11-03 14:00:00,Device_2,East,68.07,0.51,15.63,97.56
2025-11-03 15:00:00,Device_2,East,62.63,0.62,11.44,98.6
2025-11-03 16:00:00,Device_2,East,54.56,0.55,6.57,99.97
2025-11-03 17:00:00,Device_2,East,52.8,0.54,13.1,98.47
2025-11-03 18:00:00,Device_2,East,58.03,0.0,14.2,100.0
2025-11-03 19:00:00,Device_2,East,34.49,0.38,8.31,98.82
2025-11-03 20:00:00,Device_2,East,69.73,0.8,15.37,100.0
2025-11-03 21:00:00,Device_2,East,56.66,0.16,11.66,99.63
2025-11-03 22:00:00,Device_2,East,41.59,1.0,14.69,98.79
2025-11-03 23:00:00,Device_2,East,49.34,0.3,12.22,98.77
2025-11-04 00:00:00,Device_2,East,74.26,0.4,13.52,98.97
2025-11-04 01:00:00,Device_2,East,64.05,0.43,14.12,99.72
2025-11-04 02:00:00,Device_2,East,66.9,0.68,9.17,99.32
2025-11-04 03:00:00,Device_2,East,78.74,0.65,8.91,98.95
2025-11-04 04:00:00,Device_2,East,65.62,0.27,7.93,98.68
2025-11-04 05:00:00,Device_2,East,48.89,0.5,7.23,99.56
2025-11-04 06:00:00,Device_2,East,50.48,0.8,11.17,98.97
2025-11-04 07:00:00,Device_2,East,57.4,0.29,19.42,98.5
2025-11-04 08:00:00,Device_2,East,75.35,0.17,13.12,99.48
2025-11-04 09:00:00,Device_2,East,59.64,0.33,11.21,98.6
2025-11-04 10:00:00,Device_2,East,96.03,0.49,13.57,100.0
2025-11-04 11:00:00,Device_2,East,46.86,0.51,11.19,98.91
2025-11-04 12:00:00,Device_2,East,57.31,0.28,12.59,97.94
2025-11-04 13:00:00,Device_2,East,74.83,0.69,10.52,98.56
2025-11-04 14:00:00,Device_2,East,64.13,0.26,17.44,99.36
2025-11-04 15:00:00,Device_2,East,65.9,0.7,10.26,100.0
2025-11-04 16:00:00,Device_2,East,61.72,0.79,11.41,100.0
2025-11-04 17:00:00,Device_2,East,66.02,1.15,10.89,99.2
2025-11-04 18:00:00,Device_2,East,44.53,0.34,13.86,100.0
2025-11-04 19:00:00,Device_2,East,104.48,0.47,9.2,99.75
2025-11-04 20:00:00,Device_2,East,43.08,0.67,10.49,99.21
2025-11-04 21:00:00,Device_2,East,76.37,0.47,14.8,99.87
2025-11-04 22:00:00,Device_2,East,32.04,0.23,7.31,100.0
2025-11-04 23:00:00,Device_2,East,58.42,1.03,7.1,98.43
2025-11-05 00:00:00,Device_2,East,72.01,0.55,13.6,97.75
2025-11-05 01:00:00,Device_2,East,80.65,0.73,13.2,98.31
2025-11-05 02:00:00,Device_2,East,64.86,0.41,7.05,98.95
2025-11-05 03:00:00,Device_2,East,57.65,0.82,5.3,99.24
2025-11-05 04:00:00,Device_2,East,42.67,0.6,13.12,98.91
2025-11-05 05:00:00,Device_2,East,72.11,0.13,15.32,98.29
2025-11-05 06:00:00,Device_2,East,36.66,0.42,5.71,99.25
2025-11-05 07:00:00,Device_2,East,56.11,0.87,13.95,97.61
2025-11-05 08:00:00,Device_2,East,47.42,0.66,14.54,100.0
2025-11-05 09:00:00,Device_2,East,78.22,0.47,13.09,100.0
2025-11-05 10:00:00,Device_2,East,55.45,0.61,11.02,98.45
2025-11-05 11:00:00,Device_2,East,60.73,0.29,11.61,97.97
2025-11-05 12:00:00,Device_2,East,57.15,0.63,10.23,99.01
2025-11-05 13:00:00,Device_2,East,62.09,0.64,11.6,100.0
2025-11-05 14:00:00,Device_2,East,28.49,1.38,9.39,99.4
2025-11-05 15:00:00,Device_2,East,45.92,0.69,12.83,98.35
2025-11-05 16:00:00,Device_2,East,76.1,0.45,13.64,98.08
2025-11-05 17:00:00,Device_2,East,59.54,1.1,14.89,99.31
2025-11-05 18:00:00,Device_2,East,53.27,0.52,12.59,99.45
2025-11-05 19:00:00,Device_2,East,43.85,0.7,8.73,100.0
2025-11-05 20:00:00,Device_2,East,48.43,0.59,15.02,98.75
2025-11-05 21:00:00,Device_2,East,65.11,0.93,13.69,99.36
2025-11-05 22:00:00,Device_2,East,34.73,0.22,15.14,99.57
2025-11-05 23:00:00,Device_2,East,70.82,0.69,15.87,98.74
2025-11-06 00:00:00,Device_2,East,61.81,0.19,8.17,97.36
2025-11-06 01:00:00,Device_2,East,46.72,0.97,7.34,98.7
2025-11-06 02:00:00,Device_2,East,40.6,0.32,12.51,98.3
2025-11-06 03:00:00,Device_2,East,76.34,0.96,5.25,98.32
2025-11-06 04:00:00,Device_2,East,60.89,0.84,10.64,98.98
2025-11-06 05:00:00,Device_2,East,42.65,0.04,16.34,97.18
2025-11-06 06:00:00,Device_2,East,94.93,0.72,14.04,99.58
2025-11-06 07:00:00,Device_2,East,56.21,0.62,11.43,99.55
2025-11-06 08:00:00,Device_2,East,59.49,0.21,9.39,98.02
2025-11-06 09:00:00,Device_2,East,74.56,0.31,6.26,99.4
2025-11-06 10:00:00,Device_2,East,82.72,0.73,10.19,97.41
2025-11-06 11:00:00,Device_2,East,57.99,0.45,9.09,99.55
2025-11-06 12:00:00,Device_2,East,87.7,0.57,12.48,98.06
2025-11-06 13:00:00,Device_2,East,80.96,0.48,10.26,99.06
2025-11-06 14:00:00,Device_2,East,67.08,0.54,15.62,99.38
2025-11-06 15:00:00,Device_2,East,55.74,0.62,13.5,97.7
2025-11-06 16:00:00,Device_2,East,77.24,0.41,11.17,99.75
2025-11-06 17:00:00,Device_2,East,71.21,0.29,14.41,98.44
2025-11-06 18:00:00,Device_2,East,87.29,0.25,12.72,98.22
2025-11-06 19:00:00,Device_2,East,93.34,0.13,13.57,98.27
2025-11-06 20:00:00,Device_2,East,54.69,0.64,15.67,100.0
2025-11-06 21:00:00,Device_2,East,36.95,0.58,16.38,97.31
2025-11-06 22:00:00,Device_2,East,64.72,0.5,13.24,98.23
2025-11-06 23:00:00,Device_2,East,38.47,0.0,14.93,100.0
2025-11-07 00:00:00,Device_2,East,64.54,0.34,7.13,99.56
2025-11-07 01:00:00,Device_2,East,43.49,0.29,10.24,98.8
2025-11-07 02:00:00,Device_2,East,48.61,0.51,10.13,99.7
2025-11-07 03:00:00,Device_2,East,75.47,0.53,13.39,100.0
2025-11-07 04:00:00,Device_2,East,42.41,0.13,14.08,100.0
2025-11-07 05:00:00,Device_2,East,56.09,1.02,12.29,98.32
2025-11-07 06:00:00,Device_2,East,45.14,0.69,9.26,99.08
2025-11-07 07:00:00,Device_2,East,83.75,0.41,15.94,97.79
2025-11-07 08:00:00,Device_2,East,51.99,0.08,12.22,99.78
2025-11-07 09:00:00,Device_2,East,61.13,0.87,9.75,99.23
2025-11-07 10:00:00,Device_2,East,52.09,0.61,13.51,99.58
2025-11-07 11:00:00,Device_2,East,43.94,0.23,9.89,98.76
2025-11-07 12:00:00,Device_2,East,61.31,0.71,9.46,97.4
2025-11-07 13:00:00,Device_2,East,92.34,0.16,14.51,99.03
2025-11-07 14:00:00,Device_2,East,63.77,0.5,10.85,99.46
2025-11-07 15:00:00,Device_2,East,53.42,0.85,13.71,99.6
2025-11-07 16:00:00,Device_2,East,52.39,0.43,8.44,98.65
2025-11-07 17:00:00,Device_2,East,44.45,0.89,12.15,99.17
2025-11-07 18:00:00,Device_2,East,56.62,0.56,19.39,98.7
2025-11-07 19:00:00,Device_2,East,50.24,0.66,4.42,99.06
2025-11-07 20:00:00,Device_2,East,54.42,0.2,13.52,99.05
2025-11-07 21:00:00,Device_2,East,32.96,0.31,3.34,99.29
2025-11-07 22:00:00,Device_2,East,64.25,0.26,13.62,97.72
2025-11-07 23:00:00,Device_2,East,45.5,0.63,9.93,98.94
2025-11-01 00:00:00,Device_3,North,69.69,0.91,10.2,97.26
2025-11-01 01:00:00,Device_3,North,49.36,0.76,13.65,98.08
2025-11-01 02:00:00,Device_3,North,82.82,0.9,9.8,98.26
2025-11-01 03:00:00,Device_3,North,51.11,0.35,14.85,99.43
2025-11-01 04:00:00,Device_3,North,73.16,0.7,17.14,97.94
2025-11-01 05:00:00,Device_3,North,65.71,0.0,8.05,98.93
2025-11-01 06:00:00,Device_3,North,66.27,0.47,10.3,98.61
2025-11-01 07:00:00,Device_3,North,80.54,0.38,17.25,99.79
2025-11-01 08:00:00,Device_3,North,66.86,0.14,14.81,98.51
2025-11-01 09:00:00,Device_3,North,42.08,0.65,7.84,98.24
2025-11-01 10:00:00,Device_3,North,59.85,1.17,9.94,98.54
2025-11-01 11:00:00,Device_3,North,70.99,0.13,13.33,100.0
2025-11-01 12:00:00,Device_3,North,55.39,0.81,12.87,98.27
2025-11-01 13:00:00,Device_3,North,57.03,0.39,11.74,99.15
2025-11-01 14:00:00,Device_3,North,68.82,0.65,4.7,98.9
2025-11-01 15:00:00,Device_3,North,37.36,0.42,11.63,99.98
2025-11-01 16:00:00,Device_3,North,59.55,0.58,14.38,100.0
2025-11-01 17:00:00,Device_3,North,58.15,0.53,12.03,98.46
2025-11-01 18:00:00,Device_3,North,48.46,0.0,8.77,97.22
2025-11-01 19:00:00,Device_3,North,78.83,0.56,11.62,98.28
2025-11-01 20:00:00,Device_3,North,60.45,0.25,12.52,99.25
2025-11-01 21:00:00,Device_3,North,47.08,0.24,14.89,98.95
2025-11-01 22:00:00,Device_3,North,48.28,0.39,8.97,98.93
2025-11-01 23:00:00,Device_3,North,72.47,0.49,19.09,99.42
2025-11-02 00:00:00,Device_3,North,63.45,0.23,11.28,98.22
2025-11-02 01:00:00,Device_3,North,27.52,0.79,10.47,98.24
2025-11-02 02:00:00,Device_3,North,63.16,0.65,11.04,99.0
2025-11-02 03:00:00,Device_3,North,71.19,0.39,12.91,97.34
2025-11-02 04:00:00,Device_3,North,41.38,0.68,8.12,99.23
2025-11-02 05:00:00,Device_3,North,57.8,0.39,9.51,99.91
2025-11-02 06:00:00,Device_3,North,85.95,0.59,12.97,98.32
2025-11-02 07:00:00,Device_3,North,42.06,0.49,9.08,97.23
2025-11-02 08:00:00,Device_3,North,72.05,0.76,9.42,99.24
2025-11-02 09:00:00,Device_3,North,75.03,0.56,8.42,98.77
2025-11-02 10:00:00,Device_3,North,79.9,0.57,13.62,99.34
2025-11-02 11:00:00,Device_3,North,47.17,0.31,13.02,99.82
2025-11-02 12:00:00,Device_3,North,76.5,0.24,13.3,100.0
2025-11-02 13:00:00,Device_3,North,45.19,0.95,16.92,100.0
2025-11-02 14:00:00,Device_3,North,63.46,0.57,14.48,99.8
2025-11-02 15:00:00,Device_3,North,76.9,0.74,11.68,100.0
2025-11-02 16:00:00,Device_3,North,43.93,0.5,16.69,97.75
2025-11-02 17:00:00,Device_3,North,49.84,0.7,13.18,98.12
2025-11-02 18:00:00,Device_3,North,53.76,0.15,14.94,98.74
2025-11-02 19:00:00,Device_3,North,86.88,0.52,11.34,98.68
2025-11-02 20:00:00,Device_3,North,56.34,0.53,19.54,98.66
2025-11-02 21:00:00,Device_3,North,55.4,0.52,15.27,97.58
2025-11-02 22:00:00,Device_3,North,66.83,0.25,13.66,98.51
2025-11-02 23:00:00,Device_3,North,25.44,0.61,13.08,98.42
2025-11-03 00:00:00,Device_3,North,50.42,0.11,14.32,99.88
2025-11-03 01:00:00,Device_3,North,46.81,0.34,11.81,100.0
2025-11-03 02:00:00,Device_3,North,68.18,0.22,12.91,97.62
2025-11-03 03:00:00,Device_3,North,70.77,1.0,17.04,99.73
2025-11-03 04:00:00,Device_3,North,51.25,0.11,7.8,96.19
2025-11-03 05:00:00,Device_3,North,70.41,0.47,14.73,100.0
2025-11-03 06:00:00,Device_3,North,61.5,0.54,10.61,98.65
2025-11-03 07:00:00,Device_3,North,70.93,0.45,11.04,98.98
2025-11-03 08:00:00,Device_3,North,73.29,0.29,11.8,99.25
2025-11-03 09:00:00,Device_3,North,77.4,0.43,9.85,98.52
2025-11-03 10:00:00,Device_3,North,75.8,1.11,8.06,97.9
2025-11-03 11:00:00,Device_3,North,57.47,0.53,14.36,98.11
2025-11-03 12:00:00,Device_3,North,44.05,0.54,11.22,99.93
2025-11-03 13:00:00,Device_3,North,67.31,0.67,11.69,100.0
2025-11-03 14:00:00,Device_3,North,47.43,0.68,8.19,97.93
2025-11-03 15:00:00,Device_3,North,50.89,0.99,12.79,98.41
2025-11-03 16:00:00,Device_3,North,65.62,0.51,10.52,97.6
2025-11-03 17:00:00,Device_3,North,81.58,0.56,18.52,99.94
2025-11-03 18:00:00,Device_3,North,68.27,0.37,8.71,98.78
2025-11-03 19:00:00,Device_3,North,43.14,0.7,16.9,98.74
2025-11-03 20:00:00,Device_3,North,74.17,0.29,11.09,98.19
2025-11-03 21:00:00,Device_3,North,28.0,0.49,12.39,100.0
2025-11-03 22:00:00,Device_3,North,71.93,0.74,9.08,99.46
2025-11-03 23:00:00,Device_3,North,83.74,0.61,17.49,100.0
2025-11-04 00:00:00,Device_3,North,55.97,0.29,9.72,97.48
2025-11-04 01:00:00,Device_3,North,52.22,0.86,5.39,97.96
2025-11-04 02:00:00,Device_3,North,58.09,0.24,10.42,98.49
2025-11-04 03:00:00,Device_3,North,56.14,0.28,9.57,99.93
2025-11-04 04:00:00,Device_3,North,75.74,0.09,3.72,100.0
2025-11-04 05:00:00,Device_3,North,41.57,0.56,7.3,100.0
2025-11-04 06:00:00,Device_3,North,98.16,0.55,11.72,98.68
2025-11-04 07:00:00,Device_3,North,71.73,0.67,15.01,98.37
2025-11-04 08:00:00,Device_3,North,65.1,0.34,8.83,98.96
2025-11-04 09:00:00,Device_3,North,46.16,0.85,9.41,99.36
2025-11-04 10:00:00,Device_3,North,50.95,0.58,10.43,97.74
2025-11-04 11:00:00,Device_3,North,67.26,0.43,12.86,98.57
2025-11-04 12:00:00,Device_3,North,40.08,0.82,14.21,98.43
2025-11-04 13:00:00,Device_3,North,61.05,0.81,10.63,98.7
2025-11-04 14:00:00,Device_3,North,63.65,0.36,14.57,98.83
2025-11-04 15:00:00,Device_3,North,48.24,0.68,8.57,100.0
2025-11-04 16:00:00,Device_3,North,83.74,0.65,13.29,99.38
2025-11-04 17:00:00,Device_3,North,52.66,0.59,9.23,99.5
2025-11-04 18:00:00,Device_3,North,73.02,0.39,10.21,97.79
2025-11-04 19:00:00,Device_3,North,81.87,0.35,11.4,99.3
2025-11-04 20:00:00,Device_3,North,64.23,0.72,10.86,97.86
2025-11-04 21:00:00,Device_3,North,40.3,0.33,9.14,98.7
2025-11-04 22:00:00,Device_3,North,79.61,0.39,10.87,98.98
2025-11-04 23:00:00,Device_3,North,53.92,0.48,13.62,99.88
2025-11-05 00:00:00,Device_3,North,75.05,1.12,13.71,100.0
2025-11-05 01:00:00,Device_3,North,48.35,1.13,10.86,98.72
2025-11-05 02:00:00,Device_3,North,58.2,0.43,12.26,98.42
2025-11-05 03:00:00,Device_3,North,72.45,0.33,13.97,100.0
2025-11-05 04:00:00,Device_3,North,54.64,0.74,13.68,100.0
2025-11-05 05:00:00,Device_3,North,52.43,0.74,7.12,98.5
2025-11-05 06:00:00,Device_3,North,65.3,0.92,8.32,99.79
2025-11-05 07:00:00,Device_3,North,59.05,0.04,12.54,100.0
2025-11-05 08:00:00,Device_3,North,43.19,0.47,9.04,98.53
2025-11-05 09:00:00,Device_3,North,81.48,0.42,16.2,100.0
2025-11-05 10:00:00,Device_3,North,54.56,0.35,9.31,98.07
2025-11-05 11:00:00,Device_3,North,65.3,0.49,10.13,97.45
2025-11-05 12:00:00,Device_3,North,61.59,0.36,11.41,99.3
2025-11-05 13:00:00,Device_3,North,22.47,0.04,18.89,98.49
2025-11-05 14:00:00,Device_3,North,22.24,0.07,19.45,98.3
2025-11-05 15:00:00,Device_3,North,77.39,0.54,10.55,99.78
2025-11-05 16:00:00,Device_3,North,24.23,0.07,10.52,97.66
2025-11-05 17:00:00,Device_3,North,51.29,0.76,12.4,100.0
2025-11-05 18:00:00,Device_3,North,62.93,0.8,11.81,98.41
2025-11-05 19:00:00,Device_3,North,82.21,0.29,13.03,99.77
2025-11-05 20:00:00,Device_3,North,72.62,0.15,15.16,98.02
2025-11-05 21:00:00,Device_3,North,72.16,0.66,14.46,97.79
2025-11-05 22:00:00,Device_3,North,68.82,0.83,12.58,98.18
2025-11-05 23:00:00,Device_3,North,73.8,0.53,6.98,98.1
2025-11-06 00:00:00,Device_3,North,52.11,0.95,15.99,100.0
2025-11-06 01:00:00,Device_3,North,63.49,0.77,8.58,99.01
2025-11-06 02:00:00,Device_3,North,66.77,0.18,12.63,100.0
2025-11-06 03:00:00,Device_3,North,68.38,0.78,4.64,100.0
2025-11-06 04:00:00,Device_3,North,57.21,0.27,11.48,97.51
2025-11-06 05:00:00,Device_3,North,75.72,0.4,9.78,98.83
2025-11-06 06:00:00,Device_3,North,76.77,0.54,7.77,99.46
2025-11-06 07:00:00,Device_3,North,46.07,0.0,16.49,99.46
2025-11-06 08:00:00,Device_3,North,58.83,0.4,16.19,100.0
2025-11-06 09:00:00,Device_3,North,66.73,0.19,11.54,99.43
2025-11-06 10:00:00,Device_3,North,24.76,0.6,13.31,100.0
2025-11-06 11:00:00,Device_3,North,78.33,0.53,16.54,100.0
2025-11-06 12:00:00,Device_3,North,60.42,0.63,6.7,97.55
2025-11-06 13:00:00,Device_3,North,47.43,0.37,8.71,98.96
2025-11-06 14:00:00,Device_3,North,53.79,0.82,10.58,96.71
2025-11-06 15:00:00,Device_3,North,61.89,0.5,9.41,99.09
2025-11-06 16:00:00,Device_3,North,43.87,0.6,19.9,97.19
2025-11-06 17:00:00,Device_3,North,52.26,0.3,10.7,100.0
2025-11-06 18:00:00,Device_3,North,68.14,0.75,12.09,97.68
2025-11-06 19:00:00,Device_3,North,43.28,0.72,12.51,100.0
2025-11-06 20:00:00,Device_3,North,64.4,0.15,10.43,99.56
2025-11-06 21:00:00,Device_3,North,70.65,0.76,8.85,97.8
2025-11-06 22:00:00,Device_3,North,57.15,0.93,9.92,99.45
2025-11-06 23:00:00,Device_3,North,66.83,0.73,16.99,100.0
2025-11-07 00:00:00,Device_3,North,51.08,0.0,9.96,99.08
2025-11-07 01:00:00,Device_3,North,54.58,1.09,12.06,99.65
2025-11-07 02:00:00,Device_3,North,63.26,0.4,6.23,98.92
2025-11-07 03:00:00,Device_3,North,108.82,0.13,6.56,100.0
2025-11-07 04:00:00,Device_3,North,71.13,0.56,16.09,98.17
2025-11-07 05:00:00,Device_3,North,58.4,0.79,18.33,97.83
2025-11-07 06:00:00,Device_3,North,79.21,0.61,12.49,98.99
2025-11-07 07:00:00,Device_3,North,39.23,0.79,9.65,97.92
2025-11-07 08:00:00,Device_3,North,73.28,0.74,12.24,100.0
2025-11-07 09:00:00,Device_3,North,81.39,0.89,10.42,100.0
2025-11-07 10:00:00,Device_3,North,63.17,1.02,11.63,98.64
2025-11-07 11:00:00,Device_3,North,50.79,0.56,13.4,99.49
2025-11-07 12:00:00,Device_3,North,65.24,0.7,11.33,98.13
2025-11-07 13:00:00,Device_3,North,45.6,0.79,13.41,97.14
2025-11-07 14:00:00,Device_3,North,76.45,1.06,9.85,99.34
2025-11-07 15:00:00,Device_3,North,52.9,0.69,8.5,98.93
2025-11-07 16:00:00,Device_3,North,74.72,0.87,13.28,98.66
2025-11-07 17:00:00,Device_3,North,36.11,0.27,10.59,98.3
2025-11-07 18:00:00,Device_3,North,60.89,0.4,12.52,100.0
2025-11-07 19:00:00,Device_3,North,53.9,0.09,9.89,99.58
2025-11-07 20:00:00,Device_3,North,70.17,0.62,15.9,98.81
2025-11-07 21:00:00,Device_3,North,90.78,0.75,4.43,100.0
2025-11-07 22:00:00,Device_3,North,48.5,0.19,13.57,97.26
2025-11-07 23:00:00,Device_3,North,49.57,0.97,13.67,99.81
2025-11-01 00:00:00,Device_4,East,47.66,0.84,12.0,98.99
2025-11-01 01:00:00,Device_4,East,55.08,0.55,14.48,98.13
2025-11-01 02:00:00,Device_4,East,50.13,0.41,7.96,98.18
2025-11-01 03:00:00,Device_4,East,52.86,0.76,12.79,99.19
2025-11-01 04:00:00,Device_4,East,72.76,0.46,13.17,98.9
2025-11-01 05:00:00,Device_4,East,63.98,0.33,4.68,98.87
2025-11-01 06:00:00,Device_4,East,81.34,0.78,14.9,100.0
2025-11-01 07:00:00,Device_4,East,61.33,0.56,10.15,98.68
2025-11-01 08:00:00,Device_4,East,69.24,0.86,11.58,98.55
2025-11-01 09:00:00,Device_4,East,60.01,0.68,7.67,96.7
2025-11-01 10:00:00,Device_4,East,51.74,0.13,10.48,98.85
2025-11-01 11:00:00,Device_4,East,53.2,0.94,12.98,99.3
2025-11-01 12:00:00,Device_4,East,69.33,0.16,15.12,98.92
2025-11-01 13:00:00,Device_4,East,70.06,0.18,7.34,99.82
2025-11-01 14:00:00,Device_4,East,65.65,0.23,9.39,100.0
2025-11-01 15:00:00,Device_4,East,42.16,0.99,9.3,99.64
2025-11-01 16:00:00,Device_4,East,55.07,0.68,10.37,98.84
2025-11-01 17:00:00,Device_4,East,60.61,0.2,14.22,98.49
2025-11-01 18:00:00,Device_4,East,56.57,0.2,4.31,98.81
2025-11-01 19:00:00,Device_4,East,96.19,0.74,11.94,98.74
2025-11-01 20:00:00,Device_4,East,60.34,0.66,8.46,100.0
2025-11-01 21:00:00,Device_4,East,70.73,0.72,13.32,99.02
2025-11-01 22:00:00,Device_4,East,70.09,0.68,10.94,98.43
2025-11-01 23:00:00,Device_4,East,61.53,0.96,8.28,97.53
2025-11-02 00:00:00,Device_4,East,62.47,0.52,12.52,99.24
2025-11-02 01:00:00,Device_4,East,56.65,0.95,7.2,98.17
2025-11-02 02:00:00,Device_4,East,58.45,0.01,11.47,100.0
2025-11-02 03:00:00,Device_4,East,60.31,0.57,8.22,98.38
2025-11-02 04:00:00,Device_4,East,54.37,0.4,15.84,99.56
2025-11-02 05:00:00,Device_4,East,43.33,0.57,13.49,100.0
2025-11-02 06:00:00,Device_4,East,83.71,0.2,9.57,97.74
2025-11-02 07:00:00,Device_4,East,56.49,0.64,14.96,98.92
2025-11-02 08:00:00,Device_4,East,55.2,0.55,9.49,100.0
2025-11-02 09:00:00,Device_4,East,35.89,0.56,18.07,99.01
2025-11-02 10:00:00,Device_4,East,57.15,0.39,11.46,100.0
2025-11-02 11:00:00,Device_4,East,26.82,0.96,7.73,98.73
2025-11-02 12:00:00,Device_4,East,53.56,0.68,7.21,99.46
2025-11-02 13:00:00,Device_4,East,90.36,0.09,12.57,98.34
2025-11-02 14:00:00,Device_4,East,66.39,0.51,10.08,99.49
2025-11-02 15:00:00,Device_4,East,87.07,0.44,14.16,97.71
2025-11-02 16:00:00,Device_4,East,45.65,0.64,16.45,99.36
2025-11-02 17:00:00,Device_4,East,55.3,0.5,8.25,99.6
2025-11-02 18:00:00,Device_4,East,73.23,0.36,10.59,99.27
2025-11-02 19:00:00,Device_4,East,53.45,0.48,18.3,98.75
2025-11-02 20:00:00,Device_4,East,54.62,0.31,14.23,98.82
2025-11-02 21:00:00,Device_4,East,50.26,0.9,16.26,98.4
2025-11-02 22:00:00,Device_4,East,32.0,0.8,9.95,99.79
2025-11-02 23:00:00,Device_4,East,30.45,0.77,8.37,99.73
2025-11-03 00:00:00,Device_4,East,60.21,0.21,10.78,99.69
2025-11-03 01:00:00,Device_4,East,61.59,0.68,17.93,97.44
2025-11-03 02:00:00,Device_4,East,84.26,0.53,9.3,97.67
2025-11-03 03:00:00,Device_4,East,57.16,0.78,11.62,100.0
2025-11-03 04:00:00,Device_4,East,38.23,0.5,8.24,99.36
2025-11-03 05:00:00,Device_4,East,73.3,0.37,4.19,99.2
2025-11-03 06:00:00,Device_4,East,66.55,0.62,15.71,97.93
2025-11-03 07:00:00,Device_4,East,70.2,0.86,6.66,99.32
2025-11-03 08:00:00,Device_4,East,52.44,0.48,13.04,98.51
2025-11-03 09:00:00,Device_4,East,49.86,0.51,8.74,97.91
2025-11-03 10:00:00,Device_4,East,70.19,0.16,14.0,99.46
2025-11-03 11:00:00,Device_4,East,34.11,0.3,15.58,98.02
2025-11-03 12:00:00,Device_4,East,53.03,0.64,14.35,98.75
2025-11-03 13:00:00,Device_4,East,51.04,0.93,17.22,99.98
2025-11-03 14:00:00,Device_4,East,61.28,0.26,9.51,99.52
2025-11-03 15:00:00,Device_4,East,66.28,0.92,13.95,97.5
2025-11-03 16:00:00,Device_4,East,75.78,0.2,10.85,99.25
2025-11-03 17:00:00,Device_4,East,89.94,1.43,13.82,98.82
2025-11-03 18:00:00,Device_4,East,68.02,0.77,11.04,100.0
2025-11-03 19:00:00,Device_4,East,63.45,0.65,14.0,99.42
2025-11-03 20:00:00,Device_4,East,72.58,0.31,10.33,97.9
2025-11-03 21:00:00,Device_4,East,66.59,0.73,13.37,100.0
2025-11-03 22:00:00,Device_4,East,59.92,0.7,8.72,98.61
2025-11-03 23:00:00,Device_4,East,70.43,0.75,11.12,98.93
2025-11-04 00:00:00,Device_4,East,37.23,0.39,14.67,99.58
2025-11-04 01:00:00,Device_4,East,67.51,0.51,12.02,98.34
2025-11-04 02:00:00,Device_4,East,70.48,0.63,13.48,98.47
2025-11-04 03:00:00,Device_4,East,27.7,0.83,10.56,98.14
2025-11-04 04:00:00,Device_4,East,70.4,0.38,15.18,99.62
2025-11-04 05:00:00,Device_4,East,70.25,0.09,15.64,99.26
2025-11-04 06:00:00,Device_4,East,54.46,0.54,6.67,99.41
2025-11-04 07:00:00,Device_4,East,44.56,0.09,7.43,100.0
2025-11-04 08:00:00,Device_4,East,50.56,0.96,10.39,97.29
2025-11-04 09:00:00,Device_4,East,43.25,0.87,11.53,98.45
2025-11-04 10:00:00,Device_4,East,62.4,0.65,15.35,100.0
2025-11-04 11:00:00,Device_4,East,54.6,0.1,10.76,99.26
2025-11-04 12:00:00,Device_4,East,45.54,0.21,13.03,98.95
2025-11-04 13:00:00,Device_4,East,60.49,0.27,11.31,98.08
2025-11-04 14:00:00,Device_4,East,73.35,0.81,6.46,98.07
2025-11-04 15:00:00,Device_4,East,37.55,0.3,11.75,97.55
2025-11-04 16:00:00,Device_4,East,46.17,0.2,12.62,99.07
2025-11-04 17:00:00,Device_4,East,49.17,0.55,10.36,98.73
2025-11-04 18:00:00,Device_4,East,85.1,0.9,8.1,99.83
2025-11-04 19:00:00,Device_4,East,72.17,0.16,14.46,100.0
2025-11-04 20:00:00,Device_4,East,43.16,0.22,15.05,99.27
2025-11-04 21:00:00,Device_4,East,68.27,0.6,13.17,97.67
2025-11-04 22:00:00,Device_4,East,75.71,0.85,11.31,98.96
2025-11-04 23:00:00,Device_4,East,37.03,0.65,13.72,98.94
2025-11-05 00:00:00,Device_4,East,76.87,0.4,13.69,97.98
2025-11-05 01:00:00,Device_4,East,59.65,0.45,12.68,98.63
2025-11-05 02:00:00,Device_4,East,58.03,0.75,10.69,97.39
2025-11-05 03:00:00,Device_4,East,86.24,0.91,8.12,99.69
2025-11-05 04:00:00,Device_4,East,52.46,0.58,12.88,98.77
2025-11-05 05:00:00,Device_4,East,48.24,0.29,9.25,98.17
2025-11-05 06:00:00,Device_4,East,58.99,0.29,14.05,100.0
2025-11-05 07:00:00,Device_4,East,51.3,0.57,13.5,99.47
2025-11-05 08:00:00,Device_4,East,61.14,0.72,13.45,97.76
2025-11-05 09:00:00,Device_4,East,73.04,0.77,9.71,99.04
2025-11-05 10:00:00,Device_4,East,70.25,0.44,15.22,100.0
2025-11-05 11:00:00,Device_4,East,48.21,0.09,12.91,99.72
2025-11-05 12:00:00,Device_4,East,56.54,0.94,7.98,99.69
2025-11-05 13:00:00,Device_4,East,50.91,1.02,17.98,98.23
2025-11-05 14:00:00,Device_4,East,51.76,0.76,10.84,98.95
2025-11-05 15:00:00,Device_4,East,60.38,0.0,11.96,98.31
2025-11-05 16:00:00,Device_4,East,52.6,0.93,8.23,99.81
2025-11-05 17:00:00,Device_4,East,55.82,0.42,14.37,99.34
2025-11-05 18:00:00,Device_4,East,68.56,0.79,11.01,98.39
2025-11-05 19:00:00,Device_4,East,43.72,0.25,20.85,100.0
2025-11-05 20:00:00,Device_4,East,39.73,0.1,13.45,99.55
2025-11-05 21:00:00,Device_4,East,68.23,0.42,11.62,99.33
2025-11-05 22:00:00,Device_4,East,61.29,0.0,11.31,98.15
2025-11-05 23:00:00,Device_4,East,62.63,1.4,13.1,98.69
2025-11-06 00:00:00,Device_4,East,73.83,0.64,13.26,99.61
2025-11-06 01:00:00,Device_4,East,90.85,0.16,13.42,98.07
2025-11-06 02:00:00,Device_4,East,68.33,0.22,10.75,98.7
2025-11-06 03:00:00,Device_4,East,74.64,0.78,8.26,99.05
2025-11-06 04:00:00,Device_4,East,49.36,0.12,11.35,98.69
2025-11-06 05:00:00,Device_4,East,96.4,0.63,7.87,98.44
2025-11-06 06:00:00,Device_4,East,75.32,1.13,7.24,97.12
2025-11-06 07:00:00,Device_4,East,88.06,0.62,9.4,99.53
2025-11-06 08:00:00,Device_4,East,20.46,0.5,12.98,99.92
2025-11-06 09:00:00,Device_4,East,44.79,0.53,9.22,99.26
2025-11-06 10:00:00,Device_4,East,46.57,0.38,9.01,99.65
2025-11-06 11:00:00,Device_4,East,72.88,0.43,12.11,97.55
2025-11-06 12:00:00,Device_4,East,55.5,0.48,19.86,97.89
2025-11-06 13:00:00,Device_4,East,81.96,0.8,12.84,100.0
2025-11-06 14:00:00,Device_4,East,65.58,0.62,11.84,100.0
2025-11-06 15:00:00,Device_4,East,76.45,0.31,8.04,98.8
2025-11-06 16:00:00,Device_4,East,48.0,0.48,15.71,98.54
2025-11-06 17:00:00,Device_4,East,59.36,0.52,14.55,96.75
2025-11-06 18:00:00,Device_4,East,50.9,0.56,15.6,98.51
2025-11-06 19:00:00,Device_4,East,31.85,0.69,10.09,97.81
2025-11-06 20:00:00,Device_4,East,50.63,0.44,10.19,96.79
2025-11-06 21:00:00,Device_4,East,73.46,0.88,13.95,97.86
2025-11-06 22:00:00,Device_4,East,56.98,0.5,13.8,99.67
2025-11-06 23:00:00,Device_4,East,48.99,0.52,13.37,100.0
2025-11-07 00:00:00,Device_4,East,70.57,0.74,12.25,100.0
2025-11-07 01:00:00,Device_4,East,66.15,0.24,16.21,99.7
2025-11-07 02:00:00,Device_4,East,53.35,0.36,12.89,99.46
2025-11-07 03:00:00,Device_4,East,62.96,0.59,17.1,100.0
2025-11-07 04:00:00,Device_4,East,62.86,0.78,8.9,99.4
2025-11-07 05:00:00,Device_4,East,87.14,0.43,9.46,98.35
2025-11-07 06:00:00,Device_4,East,43.66,0.26,10.89,97.59
2025-11-07 07:00:00,Device_4,East,60.23,0.77,9.28,100.0
2025-11-07 08:00:00,Device_4,East,67.66,0.81,10.03,99.85
2025-11-07 09:00:00,Device_4,East,43.62,0.77,12.52,99.55
2025-11-07 10:00:00,Device_4,East,42.37,0.23,13.79,98.05
2025-11-07 11:00:00,Device_4,East,66.95,0.09,14.54,97.77
2025-11-07 12:00:00,Device_4,East,68.28,0.69,9.91,99.58
2025-11-07 13:00:00,Device_4,East,63.91,0.34,8.97,97.04
2025-11-07 14:00:00,Device_4,East,65.24,0.03,12.29,98.74
2025-11-07 15:00:00,Device_4,East,70.19,0.41,11.01,99.73
2025-11-07 16:00:00,Device_4,East,65.03,0.59,13.41,97.46
2025-11-07 17:00:00,Device_4,East,71.35,0.68,8.95,98.76
2025-11-07 18:00:00,Device_4,East,59.41,0.46,13.0,100.0
2025-11-07 19:00:00,Device_4,East,76.23,0.11,13.87,100.0
2025-11-07 20:00:00,Device_4,East,65.8,0.83,18.04,100.0
2025-11-07 21:00:00,Device_4,East,63.74,0.81,12.43,99.02
2025-11-07 22:00:00,Device_4,East,54.73,0.97,9.54,100.0
2025-11-07 23:00:00,Device_4,East,67.5,0.08,13.1,96.9
2025-11-01 00:00:00,Device_5,North,22.24,0.09,15.42,98.98
2025-11-01 01:00:00,Device_5,North,70.53,0.48,13.96,99.01
2025-11-01 02:00:00,Device_5,North,53.44,0.82,12.61,99.65
2025-11-01 03:00:00,Device_5,North,62.36,0.35,16.83,99.35
2025-11-01 04:00:00,Device_5,North,54.67,0.88,8.04,100.0
2025-11-01 05:00:00,Device_5,North,57.31,0.12,17.72,98.54
2025-11-01 06:00:00,Device_5,North,63.65,0.72,15.55,99.3
2025-11-01 07:00:00,Device_5,North,50.29,0.57,10.74,99.25
2025-11-01 08:00:00,Device_5,North,84.42,0.73,12.62,99.74
2025-11-01 09:00:00,Device_5,North,72.15,0.18,12.13,100.0
2025-11-01 10:00:00,Device_5,North,78.19,0.35,10.19,98.36
2025-11-01 11:00:00,Device_5,North,72.99,0.98,13.75,99.16
2025-11-01 12:00:00,Device_5,North,53.34,0.6,9.54,97.06
2025-11-01 13:00:00,Device_5,North,84.55,0.2,11.03,99.66
2025-11-01 14:00:00,Device_5,North,81.52,0.58,8.42,98.7
2025-11-01 15:00:00,Device_5,North,49.82,0.49,15.7,96.46
2025-11-01 16:00:00,Device_5,North,53.83,0.35,8.23,99.59
2025-11-01 17:00:00,Device_5,North,38.78,0.11,14.55,100.0
2025-11-01 18:00:00,Device_5,North,58.86,0.13,9.88,100.0
2025-11-01 19:00:00,Device_5,North,61.75,0.47,12.94,98.96
2025-11-01 20:00:00,Device_5,North,83.19,0.28,9.41,97.62
2025-11-01 21:00:00,Device_5,North,51.9,0.17,12.65,99.02
2025-11-01 22:00:00,Device_5,North,43.81,0.68,16.55,99.36
2025-11-01 23:00:00,Device_5,North,21.85,1.1,14.24,100.0
2025-11-02 00:00:00,Device_5,North,76.36,0.89,12.62,98.74
2025-11-02 01:00:00,Device_5,North,65.6,0.29,13.3,96.37
2025-11-02 02:00:00,Device_5,North,60.64,0.9,12.28,100.0
2025-11-02 03:00:00,Device_5,North,56.04,0.8,9.37,99.96
2025-11-02 04:00:00,Device_5,North,63.49,0.43,4.28,98.75
2025-11-02 05:00:00,Device_5,North,63.2,0.75,16.68,100.0
2025-11-02 06:00:00,Device_5,North,78.69,0.33,11.09,99.74
2025-11-02 07:00:00,Device_5,North,67.79,0.99,19.44,100.0
2025-11-02 08:00:00,Device_5,North,82.41,0.66,16.05,100.0
2025-11-02 09:00:00,Device_5,North,57.79,0.34,9.7,98.12
2025-11-02 10:00:00,Device_5,North,39.27,0.57,9.0,98.22
2025-11-02 11:00:00,Device_5,North,70.52,0.55,13.29,100.0
2025-11-02 12:00:00,Device_5,North,72.97,0.96,12.24,100.0
2025-11-02 13:00:00,Device_5,North,65.4,0.55,16.38,98.13
2025-11-02 14:00:00,Device_5,North,90.35,0.42,8.35,99.65
2025-11-02 15:00:00,Device_5,North,54.34,1.11,10.7,99.31
2025-11-02 16:00:00,Device_5,North,38.62,0.74,9.67,99.69
2025-11-02 17:00:00,Device_5,North,53.57,0.0,12.39,99.09
2025-11-02 18:00:00,Device_5,North,73.22,0.97,17.74,99.86
2025-11-02 19:00:00,Device_5,North,64.18,0.07,12.61,99.21
2025-11-02 20:00:00,Device_5,North,57.02,0.69,15.37,98.18
2025-11-02 21:00:00,Device_5,North,47.49,0.46,10.15,97.36
2025-11-02 22:00:00,Device_5,North,45.05,0.13,15.63,100.0
2025-11-02 23:00:00,Device_5,North,43.57,0.66,14.62,97.51
2025-11-03 00:00:00,Device_5,North,62.41,1.26,14.03,98.75
2025-11-03 01:00:00,Device_5,North,51.6,0.0,13.41,100.0
2025-11-03 02:00:00,Device_5,North,47.8,0.0,10.01,99.88
2025-11-03 03:00:00,Device_5,North,53.57,0.25,12.06,99.23
2025-11-03 04:00:00,Device_5,North,39.17,0.43,10.51,98.36
2025-11-03 05:00:00,Device_5,North,44.74,0.78,10.07,97.01
2025-11-03 06:00:00,Device_5,North,63.96,0.72,9.61,98.44
2025-11-03 07:00:00,Device_5,North,50.26,0.4,15.32,98.89
2025-11-03 08:00:00,Device_5,North,72.59,0.21,10.85,99.95
2025-11-03 09:00:00,Device_5,North,47.92,0.8,10.11,98.68
2025-11-03 10:00:00,Device_5,North,85.05,0.37,12.44,99.62
2025-11-03 11:00:00,Device_5,North,63.4,0.58,11.83,97.7
2025-11-03 12:00:00,Device_5,North,65.22,0.28,14.33,100.0
2025-11-03 13:00:00,Device_5,North,32.92,0.91,10.77,98.87
2025-11-03 14:00:00,Device_5,North,46.31,0.56,12.2,100.0
2025-11-03 15:00:00,Device_5,North,48.88,1.0,13.99,99.09
2025-11-03 16:00:00,Device_5,North,57.29,0.41,11.28,99.17
2025-11-03 17:00:00,Device_5,North,56.87,0.31,12.52,98.16
2025-11-03 18:00:00,Device_5,North,64.84,0.43,14.09,99.99
2025-11-03 19:00:00,Device_5,North,74.83,0.6,13.3,98.68
2025-11-03 20:00:00,Device_5,North,70.16,0.74,7.3,99.38
2025-11-03 21:00:00,Device_5,North,80.52,0.39,10.28,98.58
2025-11-03 22:00:00,Device_5,North,37.43,0.54,12.09,99.2
2025-11-03 23:00:00,Device_5,North,66.24,0.26,12.82,99.44
2025-11-04 00:00:00,Device_5,North,52.67,0.63,12.24,98.37
2025-11-04 01:00:00,Device_5,North,64.24,0.41,14.09,98.76
2025-11-04 02:00:00,Device_5,North,40.65,0.58,12.69,97.92
2025-11-04 03:00:00,Device_5,North,71.26,0.71,9.39,98.34
2025-11-04 04:00:00,Device_5,North,57.87,0.27,13.92,99.15
2025-11-04 05:00:00,Device_5,North,43.6,0.25,15.56,100.0
2025-11-04 06:00:00,Device_5,North,68.08,0.44,10.68,99.55
2025-11-04 07:00:00,Device_5,North,61.14,0.02,15.1,100.0
2025-11-04 08:00:00,Device_5,North,71.06,0.17,10.09,97.14
2025-11-04 09:00:00,Device_5,North,83.94,0.39,19.0,100.0
2025-11-04 10:00:00,Device_5,North,46.45,0.29,13.4,97.25
2025-11-04 11:00:00,Device_5,North,53.43,0.34,17.55,99.16
2025-11-04 12:00:00,Device_5,North,55.73,0.31,14.68,98.5
2025-11-04 13:00:00,Device_5,North,59.25,0.31,7.45,98.0
2025-11-04 14:00:00,Device_5,North,52.47,0.42,11.34,98.91
2025-11-04 15:00:00,Device_5,North,52.67,0.9,14.84,98.86
2025-11-04 16:00:00,Device_5,North,63.81,0.39,3.47,99.02
2025-11-04 17:00:00,Device_5,North,64.58,0.02,13.5,98.72
2025-11-04 18:00:00,Device_5,North,65.07,0.42,15.75,99.23
2025-11-04 19:00:00,Device_5,North,75.04,0.83,8.64,98.26
2025-11-04 20:00:00,Device_5,North,66.77,0.39,11.28,100.0
2025-11-04 21:00:00,Device_5,North,55.34,0.21,9.5,100.0
2025-11-04 22:00:00,Device_5,North,57.33,0.09,6.69,98.38
2025-11-04 23:00:00,Device_5,North,57.05,0.78,14.56,98.99
2025-11-05 00:00:00,Device_5,North,53.19,0.6,6.75,100.0
2025-11-05 01:00:00,Device_5,North,69.81,0.76,8.78,100.0
2025-11-05 02:00:00,Device_5,North,53.1,0.21,11.88,98.94
2025-11-05 03:00:00,Device_5,North,43.82,0.23,9.08,98.04
2025-11-05 04:00:00,Device_5,North,54.18,0.08,9.93,100.0
2025-11-05 05:00:00,Device_5,North,72.35,0.19,14.87,97.03
2025-11-05 06:00:00,Device_5,North,96.44,0.89,10.32,99.38
2025-11-05 07:00:00,Device_5,North,38.99,0.52,11.45,98.17
2025-11-05 08:00:00,Device_5,North,52.97,0.33,8.6,98.14
2025-11-05 09:00:00,Device_5,North,38.37,0.76,9.2,97.78
2025-11-05 10:00:00,Device_5,North,72.62,0.61,14.41,99.92
2025-11-05 11:00:00,Device_5,North,89.06,0.45,7.63,99.27
2025-11-05 12:00:00,Device_5,North,49.96,0.21,12.3,99.87
2025-11-05 13:00:00,Device_5,North,47.46,0.88,9.03,98.76
2025-11-05 14:00:00,Device_5,North,65.79,0.38,6.67,99.93
2025-11-05 15:00:00,Device_5,North,50.65,0.72,8.21,97.91
2025-11-05 16:00:00,Device_5,North,72.94,0.6,10.68,99.36
2025-11-05 17:00:00,Device_5,North,45.69,0.53,12.39,98.63
2025-11-05 18:00:00,Device_5,North,47.47,0.52,11.84,98.53
2025-11-05 19:00:00,Device_5,North,44.49,0.5,10.61,97.97
2025-11-05 20:00:00,Device_5,North,60.65,0.98,10.9,100.0
2025-11-05 21:00:00,Device_5,North,91.71,0.21,12.03,100.0
2025-11-05 22:00:00,Device_5,North,58.18,0.51,6.99,98.47
2025-11-05 23:00:00,Device_5,North,68.33,1.23,11.41,97.34
2025-11-06 00:00:00,Device_5,North,38.92,0.49,15.53,99.64
2025-11-06 01:00:00,Device_5,North,66.9,0.89,9.84,99.02
2025-11-06 02:00:00,Device_5,North,52.19,0.42,8.98,98.66
2025-11-06 03:00:00,Device_5,North,59.58,0.39,11.52,99.41
2025-11-06 04:00:00,Device_5,North,78.58,0.89,14.28,97.74
2025-11-06 05:00:00,Device_5,North,54.59,0.42,10.03,99.34
2025-11-06 06:00:00,Device_5,North,36.09,1.01,15.59,99.48
2025-11-06 07:00:00,Device_5,North,59.07,0.87,14.07,100.0
2025-11-06 08:00:00,Device_5,North,59.11,1.04,15.5,99.51
2025-11-06 09:00:00,Device_5,North,78.84,0.37,8.5,99.32
2025-11-06 10:00:00,Device_5,North,59.14,0.44,15.65,99.17
2025-11-06 11:00:00,Device_5,North,63.95,0.4,14.64,99.7
2025-11-06 12:00:00,Device_5,North,73.1,0.35,15.91,100.0
2025-11-06 13:00:00,Device_5,North,72.63,0.26,9.59,98.62
2025-11-06 14:00:00,Device_5,North,51.53,0.48,13.9,99.29
2025-11-06 15:00:00,Device_5,North,63.03,0.43,11.78,99.8
2025-11-06 16:00:00,Device_5,North,29.82,0.5,12.86,99.78
2025-11-06 17:00:00,Device_5,North,44.85,0.18,13.75,97.1
2025-11-06 18:00:00,Device_5,North,79.98,0.57,16.68,97.91
2025-11-06 19:00:00,Device_5,North,53.45,0.0,9.61,98.82
2025-11-06 20:00:00,Device_5,North,30.56,0.38,6.04,98.74
2025-11-06 21:00:00,Device_5,North,77.21,0.49,16.97,99.79
2025-11-06 22:00:00,Device_5,North,80.22,0.27,9.63,99.35
2025-11-06 23:00:00,Device_5,North,36.33,0.64,11.03,100.0
2025-11-07 00:00:00,Device_5,North,70.19,0.83,9.74,100.0
2025-11-07 01:00:00,Device_5,North,81.67,0.49,9.78,98.28
2025-11-07 02:00:00,Device_5,North,78.59,1.31,9.06,97.94
2025-11-07 03:00:00,Device_5,North,73.82,0.27,15.06,99.47
2025-11-07 04:00:00,Device_5,North,59.64,0.63,13.14,98.82
2025-11-07 05:00:00,Device_5,North,33.65,0.55,16.72,97.39
2025-11-07 06:00:00,Device_5,North,45.51,0.63,12.12,99.41
2025-11-07 07:00:00,Device_5,North,49.51,0.85,12.14,99.7
2025-11-07 08:00:00,Device_5,North,64.8,0.55,13.88,99.19
2025-11-07 09:00:00,Device_5,North,42.15,0.83,14.45,96.89
2025-11-07 10:00:00,Device_5,North,50.19,0.81,6.52,99.94
2025-11-07 11:00:00,Device_5,North,57.88,0.9,12.0,98.28
2025-11-07 12:00:00,Device_5,North,64.62,0.49,9.57,100.0
2025-11-07 13:00:00,Device_5,North,45.43,0.0,16.75,98.42
2025-11-07 14:00:00,Device_5,North,55.55,0.39,10.29,98.23
2025-11-07 15:00:00,Device_5,North,45.05,0.52,10.79,99.73
2025-11-07 16:00:00,Device_5,North,67.24,0.22,12.33,98.58
2025-11-07 17:00:00,Device_5,North,45.13,0.71,11.64,98.59
2025-11-07 18:00:00,Device_5,North,47.17,0.19,17.97,99.33
2025-11-07 19:00:00,Device_5,North,43.63,0.59,15.19,99.17
2025-11-07 20:00:00,Device_5,North,80.61,0.04,6.03,99.26
2025-11-07 21:00:00,Device_5,North,64.15,0.0,10.13,97.99
2025-11-07 22:00:00,Device_5,North,39.12,0.2,13.79,97.98
2025-11-07 23:00:00,Device_5,North,45.25,0.01,15.81,99.43
2025-11-01 00:00:00,Device_6,North,99.5,0.66,12.56,99.47
2025-11-01 01:00:00,Device_6,North,80.69,0.47,10.23,99.84
2025-11-01 02:00:00,Device_6,North,57.38,0.18,8.21,100.0
2025-11-01 03:00:00,Device_6,North,61.97,0.32,11.3,99.81
2025-11-01 04:00:00,Device_6,North,55.6,0.07,12.98,100.0
2025-11-01 05:00:00,Device_6,North,77.12,0.33,15.81,99.21
2025-11-01 06:00:00,Device_6,North,78.62,0.67,7.44,100.0
2025-11-01 07:00:00,Device_6,North,60.78,0.67,7.97,99.51
2025-11-01 08:00:00,Device_6,North,76.54,1.08,16.2,99.55
2025-11-01 09:00:00,Device_6,North,36.83,0.54,10.22,99.23
2025-11-01 10:00:00,Device_6,North,41.76,0.44,10.45,98.45
2025-11-01 11:00:00,Device_6,North,51.93,0.46,12.86,96.5
2025-11-01 12:00:00,Device_6,North,24.35,0.4,11.41,99.19
2025-11-01 13:00:00,Device_6,North,49.08,0.5,12.38,98.27
2025-11-01 14:00:00,Device_6,North,75.2,0.55,13.64,99.07
2025-11-01 15:00:00,Device_6,North,91.56,0.68,10.54,99.82
2025-11-01 16:00:00,Device_6,North,35.44,0.54,12.96,99.13
2025-11-01 17:00:00,Device_6,North,54.99,0.2,9.63,99.1
2025-11-01 18:00:00,Device_6,North,43.3,1.03,4.08,98.68
2025-11-01 19:00:00,Device_6,North,61.66,0.65,9.25,100.0
2025-11-01 20:00:00,Device_6,North,39.09,0.33,13.86,100.0
2025-11-01 21:00:00,Device_6,North,38.94,1.29,9.31,97.69
2025-11-01 22:00:00,Device_6,North,67.54,0.4,10.51,99.6
2025-11-01 23:00:00,Device_6,North,37.09,0.0,10.21,100.0
2025-11-02 00:00:00,Device_6,North,51.69,0.98,15.6,99.28
2025-11-02 01:00:00,Device_6,North,65.1,0.58,12.48,98.63
2025-11-02 02:00:00,Device_6,North,56.25,0.18,5.37,100.0
2025-11-02 03:00:00,Device_6,North,62.36,0.5,13.2,98.17
2025-11-02 04:00:00,Device_6,North,44.98,0.41,16.1,97.83
2025-11-02 05:00:00,Device_6,North,20.59,0.34,15.43,97.27
2025-11-02 06:00:00,Device_6,North,42.3,0.58,19.71,97.64
2025-11-02 07:00:00,Device_6,North,39.05,0.6,15.61,98.38
2025-11-02 08:00:00,Device_6,North,35.68,0.63,13.84,100.0
2025-11-02 09:00:00,Device_6,North,69.85,0.75,11.21,100.0
2025-11-02 10:00:00,Device_6,North,54.03,0.32,17.43,97.53
2025-11-02 11:00:00,Device_6,North,32.29,0.54,11.99,98.77
2025-11-02 12:00:00,Device_6,North,74.91,0.23,12.19,98.64
2025-11-02 13:00:00,Device_6,North,46.63,0.48,14.56,100.0
2025-11-02 14:00:00,Device_6,North,68.69,0.0,11.89,99.05
2025-11-02 15:00:00,Device_6,North,74.04,0.56,15.76,99.39
2025-11-02 16:00:00,Device_6,North,83.38,0.37,12.43,99.83
2025-11-02 17:00:00,Device_6,North,51.42,0.26,10.11,98.25
2025-11-02 18:00:00,Device_6,North,67.84,0.0,7.33,100.0
2025-11-02 19:00:00,Device_6,North,49.12,0.56,7.53,99.09
2025-11-02 20:00:00,Device_6,North,49.21,0.03,16.01,100.0
2025-11-02 21:00:00,Device_6,North,58.39,0.8,17.71,99.75
2025-11-02 22:00:00,Device_6,North,67.2,0.56,13.95,98.64
2025-11-02 23:00:00,Device_6,North,55.85,0.64,10.58,98.63
2025-11-03 00:00:00,Device_6,North,60.0,0.85,8.6,99.76
2025-11-03 01:00:00,Device_6,North,71.88,0.74,9.58,97.31
2025-11-03 02:00:00,Device_6,North,68.4,0.56,15.01,98.3
2025-11-03 03:00:00,Device_6,North,71.4,0.82,11.71,99.42
2025-11-03 04:00:00,Device_6,North,65.73,0.25,13.59,100.0
2025-11-03 05:00:00,Device_6,North,60.33,0.06,9.94,97.22
2025-11-03 06:00:00,Device_6,North,79.35,0.73,10.5,97.58
2025-11-03 07:00:00,Device_6,North,47.5,0.31,12.33,99.08
2025-11-03 08:00:00,Device_6,North,80.12,0.29,7.48,97.84
2025-11-03 09:00:00,Device_6,North,59.65,0.28,11.12,98.55
2025-11-03 10:00:00,Device_6,North,74.85,0.32,10.87,99.72
2025-11-03 11:00:00,Device_6,North,51.53,0.63,12.99,99.14
2025-11-03 12:00:00,Device_6,North,42.98,0.87,18.66,99.01
2025-11-03 13:00:00,Device_6,North,44.3,0.51,14.97,98.38
2025-11-03 14:00:00,Device_6,North,58.07,0.6,15.61,99.78
2025-11-03 15:00:00,Device_6,North,72.25,0.37,13.21,98.28
2025-11-03 16:00:00,Device_6,North,72.68,0.85,13.66,98.63
2025-11-03 17:00:00,Device_6,North,56.94,1.04,10.95,100.0
2025-11-03 18:00:00,Device_6,North,65.08,0.4,7.97,99.21
2025-11-03 19:00:00,Device_6,North,61.37,1.04,9.42,100.0
2025-11-03 20:00:00,Device_6,North,65.68,0.61,10.22,99.31
2025-11-03 21:00:00,Device_6,North,67.1,0.78,9.07,100.0
2025-11-03 22:00:00,Device_6,North,65.42,0.68,11.34,98.07
2025-11-03 23:00:00,Device_6,North,61.09,0.56,7.84,99.79
2025-11-04 00:00:00,Device_6,North,74.95,0.28,8.93,98.7
2025-11-04 01:00:00,Device_6,North,60.36,0.42,11.82,99.22
2025-11-04 02:00:00,Device_6,North,39.48,0.12,3.83,99.94
2025-11-04 03:00:00,Device_6,North,60.23,0.81,8.59,99.02
2025-11-04 04:00:00,Device_6,North,63.22,0.33,7.34,100.0
2025-11-04 05:00:00,Device_6,North,80.99,0.39,13.53,98.52
2025-11-04 06:00:00,Device_6,North,45.07,1.05,7.03,98.71
2025-11-04 07:00:00,Device_6,North,61.26,1.0,14.69,97.33
2025-11-04 08:00:00,Device_6,North,59.96,0.51,11.31,99.62
2025-11-04 09:00:00,Device_6,North,38.86,0.38,13.44,99.68
2025-11-04 10:00:00,Device_6,North,62.24,0.41,11.64,99.74
2025-11-04 11:00:00,Device_6,North,60.51,0.19,8.3,97.51
2025-11-04 12:00:00,Device_6,North,81.83,0.74,11.68,98.55
2025-11-04 13:00:00,Device_6,North,51.39,0.83,17.71,98.39
2025-11-04 14:00:00,Device_6,North,77.08,0.51,11.36,100.0
2025-11-04 15:00:00,Device_6,North,59.85,0.59,12.74,97.37
2025-11-04 16:00:00,Device_6,North,64.33,0.33,7.74,98.48
2025-11-04 17:00:00,Device_6,North,52.12,0.81,8.81,98.21
2025-11-04 18:00:00,Device_6,North,63.53,0.1,10.02,97.34
2025-11-04 19:00:00,Device_6,North,73.8,0.41,11.95,99.92
2025-11-04 20:00:00,Device_6,North,49.17,0.41,8.83,97.94
2025-11-04 21:00:00,Device_6,North,46.19,0.35,10.85,99.29
2025-11-04 22:00:00,Device_6,North,46.63,0.6,13.46,98.53
2025-11-04 23:00:00,Device_6,North,47.93,0.53,11.39,99.22
2025-11-05 00:00:00,Device_6,North,83.55,0.52,10.08,98.11
2025-11-05 01:00:00,Device_6,North,47.22,0.06,14.8,96.77
2025-11-05 02:00:00,Device_6,North,67.32,0.24,10.46,98.1
2025-11-05 03:00:00,Device_6,North,81.69,0.5,14.37,100.0
2025-11-05 04:00:00,Device_6,North,62.45,0.14,11.34,98.26
2025-11-05 05:00:00,Device_6,North,52.45,0.47,11.6,99.41
2025-11-05 06:00:00,Device_6,North,68.36,0.46,13.21,98.45
2025-11-05 07:00:00,Device_6,North,79.72,0.33,15.59,97.52
2025-11-05 08:00:00,Device_6,North,54.29,0.4,12.84,99.86
2025-11-05 09:00:00,Device_6,North,41.26,0.17,7.79,100.0
2025-11-05 10:00:00,Device_6,North,64.46,0.17,10.67,100.0
2025-11-05 11:00:00,Device_6,North,55.83,0.4,9.66,97.98
2025-11-05 12:00:00,Device_6,North,77.75,1.0,9.04,100.0
2025-11-05 13:00:00,Device_6,North,52.69,0.66,16.23,98.85
2025-11-05 14:00:00,Device_6,North,55.08,0.74,8.67,100.0
2025-11-05 15:00:00,Device_6,North,62.14,0.33,10.19,97.62
2025-11-05 16:00:00,Device_6,North,51.96,0.42,8.82,98.95
2025-11-05 17:00:00,Device_6,North,67.09,0.44,13.99,98.19
2025-11-05 18:00:00,Device_6,North,75.05,0.54,16.64,100.0
2025-11-05 19:00:00,Device_6,North,52.95,0.37,11.26,99.6
2025-11-05 20:00:00,Device_6,North,79.89,0.3,13.14,98.86
2025-11-05 21:00:00,Device_6,North,69.27,0.95,11.28,97.33
2025-11-05 22:00:00,Device_6,North,71.16,0.25,11.57,99.79
2025-11-05 23:00:00,Device_6,North,64.46,0.47,10.27,96.1
2025-11-06 00:00:00,Device_6,North,70.47,0.42,16.54,99.4
2025-11-06 01:00:00,Device_6,North,51.88,0.82,15.45,98.78
2025-11-06 02:00:00,Device_6,North,77.9,0.33,12.48,99.57
2025-11-06 03:00:00,Device_6,North,71.77,0.69,11.0,100.0
2025-11-06 04:00:00,Device_6,North,58.13,0.33,10.34,100.0
2025-11-06 05:00:00,Device_6,North,48.87,0.89,8.59,99.49
2025-11-06 06:00:00,Device_6,North,64.46,0.99,10.04,98.07
2025-11-06 07:00:00,Device_6,North,58.25,1.0,9.35,96.41
2025-11-06 08:00:00,Device_6,North,60.9,0.78,8.96,99.85
2025-11-06 09:00:00,Device_6,North,44.46,0.46,14.26,97.81
2025-11-06 10:00:00,Device_6,North,62.72,0.86,13.42,98.28
2025-11-06 11:00:00,Device_6,North,82.78,0.7,6.42,99.86
2025-11-06 12:00:00,Device_6,North,51.43,0.56,15.02,98.45
2025-11-06 13:00:00,Device_6,North,35.32,0.95,15.49,98.91
2025-11-06 14:00:00,Device_6,North,72.8,0.39,12.29,98.86
2025-11-06 15:00:00,Device_6,North,55.07,0.61,8.38,98.75
2025-11-06 16:00:00,Device_6,North,64.72,1.05,8.5,99.52
2025-11-06 17:00:00,Device_6,North,69.45,0.0,13.23,99.88
2025-11-06 18:00:00,Device_6,North,68.83,0.47,13.0,99.17
2025-11-06 19:00:00,Device_6,North,34.66,0.56,10.9,98.3
2025-11-06 20:00:00,Device_6,North,97.27,0.88,8.55,99.35
2025-11-06 21:00:00,Device_6,North,81.87,0.05,12.23,99.12
2025-11-06 22:00:00,Device_6,North,40.88,0.61,15.35,100.0
2025-11-06 23:00:00,Device_6,North,56.26,1.25,5.83,99.36
2025-11-07 00:00:00,Device_6,North,38.82,0.53,10.43,99.51
2025-11-07 01:00:00,Device_6,North,58.1,0.25,9.72,100.0
2025-11-07 02:00:00,Device_6,North,66.65,0.0,13.65,98.81
2025-11-07 03:00:00,Device_6,North,60.07,0.75,15.55,98.14
2025-11-07 04:00:00,Device_6,North,59.55,0.34,13.79,98.77
2025-11-07 05:00:00,Device_6,North,60.44,0.42,11.68,100.0
2025-11-07 06:00:00,Device_6,North,95.86,0.61,11.7,97.4
2025-11-07 07:00:00,Device_6,North,48.59,0.46,9.85,98.39
2025-11-07 08:00:00,Device_6,North,83.63,0.51,12.35,98.33
2025-11-07 09:00:00,Device_6,North,77.66,0.44,10.44,97.42
2025-11-07 10:00:00,Device_6,North,59.08,0.33,17.05,100.0
2025-11-07 11:00:00,Device_6,North,41.47,0.16,11.17,98.18
2025-11-07 12:00:00,Device_6,North,63.26,0.4,12.84,100.0
2025-11-07 13:00:00,Device_6,North,44.04,0.8,9.81,100.0
2025-11-07 14:00:00,Device_6,North,84.31,0.47,9.11,97.85
2025-11-07 15:00:00,Device_6,North,73.1,0.49,14.78,100.0
2025-11-07 16:00:00,Device_6,North,48.44,0.13,12.58,100.0
2025-11-07 17:00:00,Device_6,North,45.89,0.51,16.11,97.37
2025-11-07 18:00:00,Device_6,North,63.53,0.34,12.37,99.71
2025-11-07 19:00:00,Device_6,North,63.31,0.2,10.5,100.0
2025-11-07 20:00:00,Device_6,North,64.93,0.75,12.75,99.81
2025-11-07 21:00:00,Device_6,North,54.06,0.27,14.29,100.0
2025-11-07 22:00:00,Device_6,North,46.29,0.33,11.51,100.0
2025-11-07 23:00:00,Device_6,North,68.45,0.1,11.72,98.75
2025-11-01 00:00:00,Device_7,South,54.44,0.02,10.81,99.47
2025-11-01 01:00:00,Device_7,South,57.95,0.62,10.24,99.99
2025-11-01 02:00:00,Device_7,South,21.66,0.54,16.05,100.0
2025-11-01 03:00:00,Device_7,South,56.52,0.1,16.1,98.95
2025-11-01 04:00:00,Device_7,South,57.62,0.23,8.25,99.56
2025-11-01 05:00:00,Device_7,South,70.05,0.56,9.71,97.94
2025-11-01 06:00:00,Device_7,South,38.52,0.33,8.98,97.29
2025-11-01 07:00:00,Device_7,South,69.77,0.1,14.95,99.39
2025-11-01 08:00:00,Device_7,South,64.42,1.0,8.14,99.87
2025-11-01 09:00:00,Device_7,South,55.54,1.27,10.86,98.46
2025-11-01 10:00:00,Device_7,South,66.38,0.44,9.72,98.03
2025-11-01 11:00:00,Device_7,South,81.87,0.15,12.67,100.0
2025-11-01 12:00:00,Device_7,South,76.57,0.32,11.38,98.6
2025-11-01 13:00:00,Device_7,South,36.97,0.66,12.12,100.0
2025-11-01 14:00:00,Device_7,South,47.65,0.83,15.48,99.05
2025-11-01 15:00:00,Device_7,South,27.44,0.35,17.36,99.3
2025-11-01 16:00:00,Device_7,South,70.4,0.47,11.33,97.13
2025-11-01 17:00:00,Device_7,South,71.92,0.82,9.15,98.82
2025-11-01 18:00:00,Device_7,South,55.29,0.63,10.37,99.93
2025-11-01 19:00:00,Device_7,South,61.07,0.0,13.33,100.0
2025-11-01 20:00:00,Device_7,South,42.72,0.62,17.49,99.11
2025-11-01 21:00:00,Device_7,South,77.12,0.37,11.95,98.8
2025-11-01 22:00:00,Device_7,South,54.19,0.46,7.11,98.67
2025-11-01 23:00:00,Device_7,South,80.07,0.21,8.8,99.06
2025-11-02 00:00:00,Device_7,South,61.67,0.61,11.66,99.07
2025-11-02 01:00:00,Device_7,South,54.74,0.12,11.79,99.72
2025-11-02 02:00:00,Device_7,South,67.73,0.0,12.76,98.11
2025-11-02 03:00:00,Device_7,South,80.88,0.6,14.69,99.02
2025-11-02 04:00:00,Device_7,South,59.01,0.95,14.92,99.12
2025-11-02 05:00:00,Device_7,South,57.01,0.0,12.97,98.87
2025-11-02 06:00:00,Device_7,South,68.31,0.76,15.7,99.34
2025-11-02 07:00:00,Device_7,South,44.3,0.0,9.53,100.0
2025-11-02 08:00:00,Device_7,South,87.35,0.43,7.62,98.35
2025-11-02 09:00:00,Device_7,South,77.07,0.32,13.77,99.17
2025-11-02 10:00:00,Device_7,South,70.65,1.05,13.77,99.15
2025-11-02 11:00:00,Device_7,South,88.93,0.6,9.62,99.69
2025-11-02 12:00:00,Device_7,South,66.71,0.41,10.45,98.7
2025-11-02 13:00:00,Device_7,South,52.02,0.42,9.47,99.39
2025-11-02 14:00:00,Device_7,South,64.67,0.6,11.81,98.82
2025-11-02 15:00:00,Device_7,South,81.63,0.52,15.79,98.0
2025-11-02 16:00:00,Device_7,South,68.84,0.28,10.33,98.59
2025-11-02 17:00:00,Device_7,South,52.88,0.36,15.65,99.05
2025-11-02 18:00:00,Device_7,South,63.38,0.36,14.57,99.36
2025-11-02 19:00:00,Device_7,South,55.37,0.02,12.65,99.58
2025-11-02 20:00:00,Device_7,South,45.32,0.41,13.61,97.43
2025-11-02 21:00:00,Device_7,South,50.27,0.61,15.32,100.0
2025-11-02 22:00:00,Device_7,South,89.38,0.54,10.55,99.92
2025-11-02 23:00:00,Device_7,South,51.85,0.27,11.08,98.57
2025-11-03 00:00:00,Device_7,South,66.19,0.32,12.26,100.0
2025-11-03 01:00:00,Device_7,South,61.83,0.96,15.61,99.59
2025-11-03 02:00:00,Device_7,South,54.69,0.81,11.25,99.0
2025-11-03 03:00:00,Device_7,South,64.95,0.5,9.84,97.47
2025-11-03 04:00:00,Device_7,South,74.39,0.67,6.84,98.25
2025-11-03 05:00:00,Device_7,South,62.69,0.63,7.44,98.91
2025-11-03 06:00:00,Device_7,South,68.09,0.39,12.77,98.51
2025-11-03 07:00:00,Device_7,South,73.64,0.26,8.57,99.03
2025-11-03 08:00:00,Device_7,South,38.5,0.0,15.25,98.02
2025-11-03 09:00:00,Device_7,South,40.0,0.26,9.43,98.86
2025-11-03 10:00:00,Device_7,South,43.6,0.65,13.94,97.73
2025-11-03 11:00:00,Device_7,South,50.73,0.34,11.5,100.0
2025-11-03 12:00:00,Device_7,South,77.1,1.25,5.19,98.08
2025-11-03 13:00:00,Device_7,South,87.21,0.0,17.37,99.15
2025-11-03 14:00:00,Device_7,South,62.76,0.12,10.65,100.0
2025-11-03 15:00:00,Device_7,South,59.28,0.37,13.22,98.81
2025-11-03 16:00:00,Device_7,South,65.18,0.25,11.77,98.36
2025-11-03 17:00:00,Device_7,South,32.94,0.64,8.3,98.84
2025-11-03 18:00:00,Device_7,South,73.89,0.05,13.81,98.7
2025-11-03 19:00:00,Device_7,South,45.5,1.11,12.0,98.43
2025-11-03 20:00:00,Device_7,South,48.3,0.76,10.16,99.76
2025-11-03 21:00:00,Device_7,South,59.96,0.83,8.87,98.1
2025-11-03 22:00:00,Device_7,South,55.78,0.44,10.94,100.0
2025-11-03 23:00:00,Device_7,South,90.95,0.59,13.25,98.76
2025-11-04 00:00:00,Device_7,South,44.25,0.45,14.31,100.0
2025-11-04 01:00:00,Device_7,South,74.94,0.05,11.13,97.53
2025-11-04 02:00:00,Device_7,South,77.53,0.38,11.86,99.48
2025-11-04 03:00:00,Device_7,South,101.49,0.58,11.29,97.76
2025-11-04 04:00:00,Device_7,South,81.88,0.45,16.97,100.0
2025-11-04 05:00:00,Device_7,South,53.06,0.08,12.82,98.39
2025-11-04 06:00:00,Device_7,South,60.59,0.81,7.04,99.26
2025-11-04 07:00:00,Device_7,South,71.39,0.74,7.91,99.42
2025-11-04 08:00:00,Device_7,South,78.05,0.6,11.65,100.0
2025-11-04 09:00:00,Device_7,South,49.59,0.04,11.4,99.54
2025-11-04 10:00:00,Device_7,South,75.58,0.66,14.51,100.0
2025-11-04 11:00:00,Device_7,South,54.91,0.46,15.86,97.79
2025-11-04 12:00:00,Device_7,South,66.44,0.28,15.3,98.98
2025-11-04 13:00:00,Device_7,South,60.11,1.02,8.77,99.22
2025-11-04 14:00:00,Device_7,South,57.3,0.66,17.79,98.39
2025-11-04 15:00:00,Device_7,South,42.04,0.26,11.3,99.06
2025-11-04 16:00:00,Device_7,South,61.72,1.04,16.87,100.0
2025-11-04 17:00:00,Device_7,South,97.72,0.75,15.33,99.8
2025-11-04 18:00:00,Device_7,South,69.61,0.62,10.81,97.75
2025-11-04 19:00:00,Device_7,South,58.04,0.67,12.22,97.93
2025-11-04 20:00:00,Device_7,South,57.51,0.43,11.81,99.49
2025-11-04 21:00:00,Device_7,South,70.59,0.35,14.94,100.0
2025-11-04 22:00:00,Device_7,South,64.8,0.7,14.95,97.9
2025-11-04 23:00:00,Device_7,South,75.82,0.26,9.92,99.2
2025-11-05 00:00:00,Device_7,South,27.84,0.55,14.95,97.35
2025-11-05 01:00:00,Device_7,South,76.34,0.29,12.62,98.45
2025-11-05 02:00:00,Device_7,South,68.59,0.81,13.94,99.0
2025-11-05 03:00:00,Device_7,South,52.86,0.48,13.97,99.69
2025-11-05 04:00:00,Device_7,South,68.26,0.12,11.93,98.37
2025-11-05 05:00:00,Device_7,South,69.97,0.27,13.36,98.72
2025-11-05 06:00:00,Device_7,South,31.81,0.78,11.92,100.0
2025-11-05 07:00:00,Device_7,South,35.02,0.41,11.35,99.27
2025-11-05 08:00:00,Device_7,South,40.12,0.66,17.73,99.47
2025-11-05 09:00:00,Device_7,South,61.39,0.09,9.68,98.94
2025-11-05 10:00:00,Device_7,South,52.05,0.81,13.6,100.0
2025-11-05 11:00:00,Device_7,South,45.29,0.51,7.85,96.78
2025-11-05 12:00:00,Device_7,South,70.84,0.65,9.44,99.09
2025-11-05 13:00:00,Device_7,South,50.56,0.35,11.04,98.1
2025-11-05 14:00:00,Device_7,South,49.25,0.29,13.27,96.23
2025-11-05 15:00:00,Device_7,South,56.59,0.17,8.85,98.47
2025-11-05 16:00:00,Device_7,South,59.78,0.44,8.81,99.72
2025-11-05 17:00:00,Device_7,South,46.46,0.28,12.85,99.32
2025-11-05 18:00:00,Device_7,South,50.82,0.0,9.34,99.16
2025-11-05 19:00:00,Device_7,South,70.33,0.48,10.56,100.0
2025-11-05 20:00:00,Device_7,South,54.41,0.68,7.99,97.91
2025-11-05 21:00:00,Device_7,South,69.71,0.81,10.83,97.15
2025-11-05 22:00:00,Device_7,South,57.49,0.56,12.3,98.44
2025-11-05 23:00:00,Device_7,South,57.71,0.28,8.66,99.76
2025-11-06 00:00:00,Device_7,South,61.47,0.45,10.48,98.82
2025-11-06 01:00:00,Device_7,South,62.4,1.02,13.96,98.33
2025-11-06 02:00:00,Device_7,South,50.16,0.26,11.4,98.19
2025-11-06 03:00:00,Device_7,South,67.12,0.0,13.61,99.28
2025-11-06 04:00:00,Device_7,South,78.94,0.76,9.95,99.76
2025-11-06 05:00:00,Device_7,South,57.48,0.0,12.48,98.38
2025-11-06 06:00:00,Device_7,South,60.0,1.0,12.67,97.98
2025-11-06 07:00:00,Device_7,South,74.47,0.61,8.59,97.39
2025-11-06 08:00:00,Device_7,South,45.34,0.75,11.1,99.08
2025-11-06 09:00:00,Device_7,South,39.92,0.76,5.95,98.34
2025-11-06 10:00:00,Device_7,South,66.28,0.16,13.84,98.13
2025-11-06 11:00:00,Device_7,South,41.61,0.89,12.46,99.52
2025-11-06 12:00:00,Device_7,South,75.27,0.0,13.9,98.24
2025-11-06 13:00:00,Device_7,South,50.56,0.63,10.91,99.59
2025-11-06 14:00:00,Device_7,South,59.39,0.55,10.53,97.94
2025-11-06 15:00:00,Device_7,South,48.9,0.47,17.51,100.0
2025-11-06 16:00:00,Device_7,South,50.2,0.52,11.14,99.13
2025-11-06 17:00:00,Device_7,South,63.88,0.66,3.3,99.37
2025-11-06 18:00:00,Device_7,South,54.02,0.29,14.38,100.0
2025-11-06 19:00:00,Device_7,South,70.34,0.34,8.77,95.99
2025-11-06 20:00:00,Device_7,South,62.74,0.67,11.69,99.93
2025-11-06 21:00:00,Device_7,South,40.2,0.45,11.25,98.89
2025-11-06 22:00:00,Device_7,South,77.52,0.47,11.12,98.06
2025-11-06 23:00:00,Device_7,South,79.93,0.07,10.34,100.0
2025-11-07 00:00:00,Device_7,South,67.02,0.49,12.07,98.05
2025-11-07 01:00:00,Device_7,South,58.97,0.4,12.54,97.49
2025-11-07 02:00:00,Device_7,South,65.97,0.8,11.39,99.65
2025-11-07 03:00:00,Device_7,South,64.66,0.32,8.82,98.08
2025-11-07 04:00:00,Device_7,South,64.39,0.48,15.83,99.79
2025-11-07 05:00:00,Device_7,South,71.83,0.58,9.11,99.33
2025-11-07 06:00:00,Device_7,South,60.96,0.16,15.63,100.0
2025-11-07 07:00:00,Device_7,South,42.84,0.31,10.35,99.61
2025-11-07 08:00:00,Device_7,South,67.42,0.51,12.82,97.71
2025-11-07 09:00:00,Device_7,South,65.72,0.47,9.96,97.47
2025-11-07 10:00:00,Device_7,South,60.4,0.61,6.89,99.02
2025-11-07 11:00:00,Device_7,South,61.83,0.33,13.14,98.87
2025-11-07 12:00:00,Device_7,South,64.25,0.66,13.6,100.0
2025-11-07 13:00:00,Device_7,South,65.07,0.36,10.06,97.94
2025-11-07 14:00:00,Device_7,South,62.27,0.9,10.92,99.45
2025-11-07 15:00:00,Device_7,South,48.72,0.56,15.78,99.69
2025-11-07 16:00:00,Device_7,South,36.44,0.67,13.85,99.17
2025-11-07 17:00:00,Device_7,South,70.01,0.25,12.19,100.0
2025-11-07 18:00:00,Device_7,South,75.3,0.66,9.35,97.96
2025-11-07 19:00:00,Device_7,South,61.72,0.55,11.7,98.2
2025-11-07 20:00:00,Device_7,South,66.55,0.53,12.87,99.59
2025-11-07 21:00:00,Device_7,South,55.9,0.35,15.32,98.24
2025-11-07 22:00:00,Device_7,South,52.96,0.87,10.36,98.9
2025-11-07 23:00:00,Device_7,South,53.82,0.0,11.63,97.99
2025-11-01 00:00:00,Device_8,East,60.23,0.21,13.94,99.02
2025-11-01 01:00:00,Device_8,East,25.2,0.73,11.93,100.0
2025-11-01 02:00:00,Device_8,East,43.57,0.0,12.84,99.29
2025-11-01 03:00:00,Device_8,East,34.64,0.21,20.27,98.69
2025-11-01 04:00:00,Device_8,East,70.96,0.3,5.73,98.83
2025-11-01 05:00:00,Device_8,East,56.02,0.38,11.66,99.26
2025-11-01 06:00:00,Device_8,East,57.75,0.12,13.46,97.05
2025-11-01 07:00:00,Device_8,East,29.24,0.72,13.52,98.94
2025-11-01 08:00:00,Device_8,East,39.07,0.29,11.21,97.4
2025-11-01 09:00:00,Device_8,East,48.91,0.7,16.28,98.58
2025-11-01 10:00:00,Device_8,East,71.35,0.0,13.98,98.2
2025-11-01 11:00:00,Device_8,East,64.61,0.43,15.96,98.13
2025-11-01 12:00:00,Device_8,East,69.41,0.42,11.53,98.82
2025-11-01 13:00:00,Device_8,East,47.31,0.5,11.81,99.24
2025-11-01 14:00:00,Device_8,East,61.27,0.74,14.77,97.95
2025-11-01 15:00:00,Device_8,East,73.03,0.14,13.76,99.62
2025-11-01 16:00:00,Device_8,East,31.33,0.53,10.59,98.24
2025-11-01 17:00:00,Device_8,East,80.26,0.3,9.58,99.08
2025-11-01 18:00:00,Device_8,East,70.28,0.46,15.5,99.53
2025-11-01 19:00:00,Device_8,East,27.33,0.34,10.31,99.48
2025-11-01 20:00:00,Device_8,East,20.63,1.26,13.59,99.15
2025-11-01 21:00:00,Device_8,East,77.72,1.2,14.61,99.95
2025-11-01 22:00:00,Device_8,East,61.96,0.46,10.57,98.17
2025-11-01 23:00:00,Device_8,East,49.69,0.09,11.77,97.32
2025-11-02 00:00:00,Device_8,East,62.86,0.49,12.44,98.48
2025-11-02 01:00:00,Device_8,East,106.15,0.91,8.27,99.23
2025-11-02 02:00:00,Device_8,East,50.88,0.2,7.98,99.43
2025-11-02 03:00:00,Device_8,East,49.78,0.79,14.98,100.0
2025-11-02 04:00:00,Device_8,East,47.21,0.64,13.9,98.53
2025-11-02 05:00:00,Device_8,East,48.42,0.98,12.68,99.64
2025-11-02 06:00:00,Device_8,East,47.67,0.13,10.29,98.88
2025-11-02 07:00:00,Device_8,East,44.04,0.5,6.93,97.88
2025-11-02 08:00:00,Device_8,East,70.06,0.68,10.82,97.98
2025-11-02 09:00:00,Device_8,East,44.59,0.39,13.93,99.93
2025-11-02 10:00:00,Device_8,East,52.55,0.15,12.8,98.18
2025-11-02 11:00:00,Device_8,East,52.23,0.9,14.48,99.16
2025-11-02 12:00:00,Device_8,East,40.92,0.56,15.19,98.62
2025-11-02 13:00:00,Device_8,East,80.27,0.89,16.99,99.31
2025-11-02 14:00:00,Device_8,East,68.81,0.92,13.34,98.5
2025-11-02 15:00:00,Device_8,East,53.27,0.57,8.13,98.86
2025-11-02 16:00:00,Device_8,East,76.45,0.0,16.6,100.0
2025-11-02 17:00:00,Device_8,East,53.1,0.66,12.01,100.0
2025-11-02 18:00:00,Device_8,East,74.74,0.08,13.76,98.79
2025-11-02 19:00:00,Device_8,East,61.24,0.28,17.24,100.0
2025-11-02 20:00:00,Device_8,East,48.9,0.1,10.84,99.43
2025-11-02 21:00:00,Device_8,East,63.6,0.88,14.37,99.97
2025-11-02 22:00:00,Device_8,East,64.9,0.08,11.41,100.0
2025-11-02 23:00:00,Device_8,East,59.23,0.65,11.04,97.97
2025-11-03 00:00:00,Device_8,East,58.15,0.59,10.03,98.76
2025-11-03 01:00:00,Device_8,East,45.91,0.84,11.12,100.0
2025-11-03 02:00:00,Device_8,East,82.93,0.48,8.97,96.91
2025-11-03 03:00:00,Device_8,East,37.92,0.09,16.14,99.12
2025-11-03 04:00:00,Device_8,East,65.84,0.0,8.41,99.89
2025-11-03 05:00:00,Device_8,East,64.3,0.46,13.69,100.0
2025-11-03 06:00:00,Device_8,East,56.68,0.52,12.58,100.0
2025-11-03 07:00:00,Device_8,East,28.51,0.7,11.66,99.57
2025-11-03 08:00:00,Device_8,East,50.14,0.49,14.13,100.0
2025-11-03 09:00:00,Device_8,East,72.12,0.25,10.73,98.55
2025-11-03 10:00:00,Device_8,East,33.07,0.4,14.2,97.73
2025-11-03 11:00:00,Device_8,East,75.73,0.65,9.8,98.86
2025-11-03 12:00:00,Device_8,East,83.97,0.72,12.03,98.76
2025-11-03 13:00:00,Device_8,East,61.15,0.35,5.69,100.0
2025-11-03 14:00:00,Device_8,East,62.33,0.62,11.83,98.26
2025-11-03 15:00:00,Device_8,East,57.21,0.02,18.83,97.77
2025-11-03 16:00:00,Device_8,East,44.52,0.37,15.86,99.01
2025-11-03 17:00:00,Device_8,East,41.46,0.88,14.19,99.54
2025-11-03 18:00:00,Device_8,East,70.74,1.22,18.56,98.31
2025-11-03 19:00:00,Device_8,East,84.36,0.61,13.5,97.31
2025-11-03 20:00:00,Device_8,East,57.44,0.26,14.48,100.0
2025-11-03 21:00:00,Device_8,East,28.88,0.49,15.37,98.81
2025-11-03 22:00:00,Device_8,East,70.94,0.61,13.02,98.73
2025-11-03 23:00:00,Device_8,East,41.75,0.16,14.13,99.02
2025-11-04 00:00:00,Device_8,East,57.92,0.37,11.08,100.0
2025-11-04 01:00:00,Device_8,East,54.97,0.1,14.23,98.8
2025-11-04 02:00:00,Device_8,East,60.47,0.98,11.94,99.29
2025-11-04 03:00:00,Device_8,East,42.32,0.43,13.83,97.44
2025-11-04 04:00:00,Device_8,East,63.01,0.53,12.12,100.0
2025-11-04 05:00:00,Device_8,East,65.02,0.94,9.02,99.14
2025-11-04 06:00:00,Device_8,East,61.27,0.18,14.87,100.0
2025-11-04 07:00:00,Device_8,East,59.74,0.65,12.25,98.29
2025-11-04 08:00:00,Device_8,East,32.69,0.29,7.82,100.0
2025-11-04 09:00:00,Device_8,East,58.27,0.4,14.67,97.88
2025-11-04 10:00:00,Device_8,East,48.5,0.52,15.09,99.5
2025-11-04 11:00:00,Device_8,East,63.72,0.52,13.2,99.2
2025-11-04 12:00:00,Device_8,East,44.55,0.51,8.78,99.08
2025-11-04 13:00:00,Device_8,East,52.79,1.26,11.88,97.6
2025-11-04 14:00:00,Device_8,East,57.99,0.66,17.02,98.41
2025-11-04 15:00:00,Device_8,East,36.26,0.75,7.86,98.56
2025-11-04 16:00:00,Device_8,East,56.14,0.48,14.07,98.32
2025-11-04 17:00:00,Device_8,East,55.89,0.5,12.45,99.1
2025-11-04 18:00:00,Device_8,East,66.54,0.75,13.18,99.45
2025-11-04 19:00:00,Device_8,East,36.27,0.52,13.44,99.73
2025-11-04 20:00:00,Device_8,East,49.61,0.3,10.28,99.54
2025-11-04 21:00:00,Device_8,East,75.51,0.38,14.72,99.12
2025-11-04 22:00:00,Device_8,East,58.14,0.44,14.24,99.33
2025-11-04 23:00:00,Device_8,East,94.14,0.24,13.55,98.47
2025-11-05 00:00:00,Device_8,East,46.96,0.5,12.41,100.0
2025-11-05 01:00:00,Device_8,East,57.24,0.16,12.82,96.93
2025-11-05 02:00:00,Device_8,East,58.62,0.5,14.38,99.97
2025-11-05 03:00:00,Device_8,East,52.45,0.45,9.7,97.87
2025-11-05 04:00:00,Device_8,East,64.65,0.12,10.76,98.0
2025-11-05 05:00:00,Device_8,East,68.25,1.04,8.1,97.15
2025-11-05 06:00:00,Device_8,East,58.13,0.5,12.66,98.55
2025-11-05 07:00:00,Device_8,East,56.99,0.61,15.12,97.04
2025-11-05 08:00:00,Device_8,East,54.47,0.56,9.25,100.0
2025-11-05 09:00:00,Device_8,East,50.47,0.49,13.67,98.41
2025-11-05 10:00:00,Device_8,East,32.3,0.37,15.09,98.66
2025-11-05 11:00:00,Device_8,East,47.3,0.78,11.01,98.49
2025-11-05 12:00:00,Device_8,East,62.24,0.73,19.15,99.83
2025-11-05 13:00:00,Device_8,East,77.4,0.35,8.92,99.06
2025-11-05 14:00:00,Device_8,East,61.61,0.18,11.47,99.4
2025-11-05 15:00:00,Device_8,East,65.41,0.65,12.87,98.49
2025-11-05 16:00:00,Device_8,East,52.29,0.14,17.35,99.01
2025-11-05 17:00:00,Device_8,East,56.63,0.22,20.81,97.93
2025-11-05 18:00:00,Device_8,East,53.57,0.62,13.8,99.96
2025-11-05 19:00:00,Device_8,East,87.11,0.65,8.83,98.74
2025-11-05 20:00:00,Device_8,East,64.62,1.12,7.81,100.0
2025-11-05 21:00:00,Device_8,East,62.7,0.75,11.69,98.16
2025-11-05 22:00:00,Device_8,East,71.26,0.7,14.92,98.99
2025-11-05 23:00:00,Device_8,East,51.0,0.03,14.46,99.42
2025-11-06 00:00:00,Device_8,East,45.51,0.34,10.6,97.52
2025-11-06 01:00:00,Device_8,East,47.73,0.16,10.76,98.26
2025-11-06 02:00:00,Device_8,East,35.59,1.11,15.76,98.22
2025-11-06 03:00:00,Device_8,East,64.09,0.63,15.57,98.18
2025-11-06 04:00:00,Device_8,East,76.38,0.34,7.99,99.72
2025-11-06 05:00:00,Device_8,East,79.36,1.28,8.4,99.7
2025-11-06 06:00:00,Device_8,East,53.85,0.74,7.59,97.74
2025-11-06 07:00:00,Device_8,East,48.36,0.52,10.08,99.66
2025-11-06 08:00:00,Device_8,East,75.4,0.68,16.86,99.42
2025-11-06 09:00:00,Device_8,East,41.75,0.91,10.18,99.91
2025-11-06 10:00:00,Device_8,East,83.61,0.64,7.51,98.08
2025-11-06 11:00:00,Device_8,East,79.84,0.45,12.24,99.76
2025-11-06 12:00:00,Device_8,East,70.44,0.58,11.37,98.69
2025-11-06 13:00:00,Device_8,East,72.87,0.67,11.23,100.0
2025-11-06 14:00:00,Device_8,East,58.06,0.24,9.72,98.02
2025-11-06 15:00:00,Device_8,East,55.91,0.87,9.58,99.19
2025-11-06 16:00:00,Device_8,East,50.15,0.42,7.47,98.78
2025-11-06 17:00:00,Device_8,East,57.09,0.66,12.67,97.8
2025-11-06 18:00:00,Device_8,East,76.26,0.56,12.6,98.99
2025-11-06 19:00:00,Device_8,East,52.23,0.57,13.43,97.25
2025-11-06 20:00:00,Device_8,East,51.92,0.42,12.77,100.0
2025-11-06 21:00:00,Device_8,East,48.42,0.35,10.46,98.2
2025-11-06 22:00:00,Device_8,East,54.79,0.73,8.84,99.43
2025-11-06 23:00:00,Device_8,East,34.47,0.33,11.01,100.0
2025-11-07 00:00:00,Device_8,East,55.88,0.0,6.0,99.03
2025-11-07 01:00:00,Device_8,East,69.21,0.61,12.5,100.0
2025-11-07 02:00:00,Device_8,East,51.91,0.77,7.1,98.1
2025-11-07 03:00:00,Device_8,East,32.89,0.42,11.86,99.11
2025-11-07 04:00:00,Device_8,East,60.93,0.22,11.43,97.5
2025-11-07 05:00:00,Device_8,East,80.45,0.41,10.53,100.0
2025-11-07 06:00:00,Device_8,East,41.37,0.16,8.71,98.93
2025-11-07 07:00:00,Device_8,East,66.47,0.72,19.72,96.75
2025-11-07 08:00:00,Device_8,East,69.13,0.33,10.24,98.38
2025-11-07 09:00:00,Device_8,East,46.37,1.01,14.53,99.02
2025-11-07 10:00:00,Device_8,East,80.27,0.05,8.01,96.82
2025-11-07 11:00:00,Device_8,East,49.51,0.55,12.31,99.15
2025-11-07 12:00:00,Device_8,East,38.83,0.74,12.72,99.73
2025-11-07 13:00:00,Device_8,East,31.61,0.59,8.44,98.6
2025-11-07 14:00:00,Device_8,East,68.02,0.53,9.45,99.01
2025-11-07 15:00:00,Device_8,East,37.03,0.85,11.38,100.0
2025-11-07 16:00:00,Device_8,East,52.1,0.34,9.71,99.88
2025-11-07 17:00:00,Device_8,East,49.36,0.69,10.85,97.02
2025-11-07 18:00:00,Device_8,East,51.45,0.15,12.1,97.81
2025-11-07 19:00:00,Device_8,East,73.89,0.47,11.47,99.66
2025-11-07 20:00:00,Device_8,East,74.46,0.49,9.69,97.23
2025-11-07 21:00:00,Device_8,East,49.71,0.31,12.32,98.65
2025-11-07 22:00:00,Device_8,East,70.32,0.32,11.83,100.0
2025-11-07 23:00:00,Device_8,East,65.13,0.48,10.19,98.37
2025-11-01 00:00:00,Device_9,North,80.53,0.31,13.09,100.0
2025-11-01 01:00:00,Device_9,North,57.36,0.56,18.04,99.64
2025-11-01 02:00:00,Device_9,North,37.89,0.26,14.07,99.42
2025-11-01 03:00:00,Device_9,North,62.44,1.15,10.15,98.93
2025-11-01 04:00:00,Device_9,North,30.55,0.85,9.6,100.0
2025-11-01 05:00:00,Device_9,North,74.28,1.2,13.95,98.64
2025-11-01 06:00:00,Device_9,North,66.8,0.27,12.96,98.8
2025-11-01 07:00:00,Device_9,North,58.94,0.23,12.9,99.82
2025-11-01 08:00:00,Device_9,North,35.22,0.29,12.5,96.65
2025-11-01 09:00:00,Device_9,North,86.1,0.29,9.19,98.79
2025-11-01 10:00:00,Device_9,North,62.06,0.27,14.94,99.4
2025-11-01 11:00:00,Device_9,North,47.44,0.34,7.45,97.75
2025-11-01 12:00:00,Device_9,North,65.81,0.25,17.41,99.07
2025-11-01 13:00:00,Device_9,North,39.71,0.16,15.16,98.92
2025-11-01 14:00:00,Device_9,North,74.88,0.39,10.32,100.0
2025-11-01 15:00:00,Device_9,North,47.12,0.65,11.36,99.88
2025-11-01 16:00:00,Device_9,North,87.28,0.38,10.36,99.67
2025-11-01 17:00:00,Device_9,North,43.77,0.98,16.34,98.0
2025-11-01 18:00:00,Device_9,North,36.25,0.15,8.56,99.8
2025-11-01 19:00:00,Device_9,North,83.24,0.74,11.29,99.34
2025-11-01 20:00:00,Device_9,North,46.95,0.83,13.3,99.77
2025-11-01 21:00:00,Device_9,North,49.09,0.45,14.18,100.0
2025-11-01 22:00:00,Device_9,North,50.88,0.73,9.86,100.0
2025-11-01 23:00:00,Device_9,North,53.78,0.69,12.5,100.0
2025-11-02 00:00:00,Device_9,North,63.45,0.35,13.92,99.62
2025-11-02 01:00:00,Device_9,North,57.64,0.17,10.42,99.88
2025-11-02 02:00:00,Device_9,North,33.79,0.43,14.98,98.91
2025-11-02 03:00:00,Device_9,North,92.61,0.0,9.12,96.69
2025-11-02 04:00:00,Device_9,North,89.91,0.22,6.04,98.39
2025-11-02 05:00:00,Device_9,North,39.11,0.32,12.12,99.8
2025-11-02 06:00:00,Device_9,North,57.38,0.51,10.26,97.49
2025-11-02 07:00:00,Device_9,North,32.3,0.39,12.25,98.56
2025-11-02 08:00:00,Device_9,North,32.86,0.56,16.89,98.89
2025-11-02 09:00:00,Device_9,North,51.31,0.48,8.69,97.83
2025-11-02 10:00:00,Device_9,North,66.77,0.8,11.56,97.03
2025-11-02 11:00:00,Device_9,North,65.3,1.12,11.27,98.82
2025-11-02 12:00:00,Device_9,North,46.91,0.64,9.99,100.0
2025-11-02 13:00:00,Device_9,North,50.14,0.6,11.86,100.0
2025-11-02 14:00:00,Device_9,North,66.14,0.92,12.33,98.83
2025-11-02 15:00:00,Device_9,North,59.43,0.27,13.6,98.31
2025-11-02 16:00:00,Device_9,North,61.69,0.76,16.75,99.16
2025-11-02 17:00:00,Device_9,North,72.92,0.72,10.85,100.0
2025-11-02 18:00:00,Device_9,North,51.36,0.53,16.36,100.0
2025-11-02 19:00:00,Device_9,North,60.21,0.8,11.33,98.51
2025-11-02 20:00:00,Device_9,North,41.81,0.72,14.49,98.43
2025-11-02 21:00:00,Device_9,North,64.02,1.3,15.44,98.1
2025-11-02 22:00:00,Device_9,North,75.02,0.23,3.31,98.98
2025-11-02 23:00:00,Device_9,North,83.45,0.92,13.13,98.46
2025-11-03 00:00:00,Device_9,North,67.3,0.42,10.46,100.0
2025-11-03 01:00:00,Device_9,North,52.11,0.84,10.22,100.0
2025-11-03 02:00:00,Device_9,North,35.39,0.21,11.53,97.02
2025-11-03 03:00:00,Device_9,North,21.44,0.0,11.12,98.73
2025-11-03 04:00:00,Device_9,North,64.99,0.44,12.9,98.55
2025-11-03 05:00:00,Device_9,North,70.72,0.68,11.02,99.53
2025-11-03 06:00:00,Device_9,North,57.14,0.04,14.71,98.09
2025-11-03 07:00:00,Device_9,North,73.41,0.6,11.75,97.12
2025-11-03 08:00:00,Device_9,North,83.1,0.39,13.9,98.89
2025-11-03 09:00:00,Device_9,North,55.93,0.56,12.08,98.73
2025-11-03 10:00:00,Device_9,North,59.17,0.63,13.49,99.04
2025-11-03 11:00:00,Device_9,North,69.31,0.37,18.67,100.0
2025-11-03 12:00:00,Device_9,North,71.44,0.0,13.82,98.66
2025-11-03 13:00:00,Device_9,North,45.32,0.39,9.4,99.51
2025-11-03 14:00:00,Device_9,North,84.24,0.75,20.29,97.45
2025-11-03 15:00:00,Device_9,North,52.41,0.22,15.69,98.78
2025-11-03 16:00:00,Device_9,North,62.84,0.69,7.64,98.38
2025-11-03 17:00:00,Device_9,North,74.96,0.34,6.86,98.1
2025-11-03 18:00:00,Device_9,North,55.71,0.55,11.79,98.39
2025-11-03 19:00:00,Device_9,North,74.09,0.46,12.63,98.44
2025-11-03 20:00:00,Device_9,North,82.63,0.38,12.22,100.0
2025-11-03 21:00:00,Device_9,North,64.2,0.58,6.08,99.68
2025-11-03 22:00:00,Device_9,North,60.83,0.66,12.55,98.44
2025-11-03 23:00:00,Device_9,North,73.41,0.56,8.13,100.0
2025-11-04 00:00:00,Device_9,North,38.54,0.77,16.46,97.89
2025-11-04 01:00:00,Device_9,North,58.16,0.44,11.49,100.0
2025-11-04 02:00:00,Device_9,North,43.58,0.41,16.51,98.68
2025-11-04 03:00:00,Device_9,North,45.96,0.58,14.42,98.61
2025-11-04 04:00:00,Device_9,North,68.32,0.09,8.04,98.56
2025-11-04 05:00:00,Device_9,North,68.85,0.73,8.45,99.72
2025-11-04 06:00:00,Device_9,North,62.5,0.24,8.0,99.23
2025-11-04 07:00:00,Device_9,North,79.34,0.51,9.2,97.13
2025-11-04 08:00:00,Device_9,North,82.94,0.81,12.91,100.0
2025-11-04 09:00:00,Device_9,North,63.36,0.34,13.67,98.17
2025-11-04 10:00:00,Device_9,North,45.07,0.73,14.57,97.73
2025-11-04 11:00:00,Device_9,North,41.45,0.37,9.87,99.48
2025-11-04 12:00:00,Device_9,North,60.72,0.85,12.95,98.36
2025-11-04 13:00:00,Device_9,North,31.63,0.55,6.87,98.34
2025-11-04 14:00:00,Device_9,North,49.17,0.35,8.05,98.27
2025-11-04 15:00:00,Device_9,North,77.19,0.84,16.6,99.01
2025-11-04 16:00:00,Device_9,North,64.07,0.85,7.59,99.81
2025-11-04 17:00:00,Device_9,North,79.54,0.23,16.15,100.0
2025-11-04 18:00:00,Device_9,North,71.67,0.68,8.64,100.0
2025-11-04 19:00:00,Device_9,North,44.62,0.61,13.41,95.7
2025-11-04 20:00:00,Device_9,North,66.09,1.29,5.72,98.95
2025-11-04 21:00:00,Device_9,North,30.79,0.23,6.21,99.16
2025-11-04 22:00:00,Device_9,North,71.9,0.62,9.21,98.39
2025-11-04 23:00:00,Device_9,North,64.08,0.23,8.01,98.76
2025-11-05 00:00:00,Device_9,North,45.83,0.62,15.9,100.0
2025-11-05 01:00:00,Device_9,North,65.07,0.69,10.2,98.46
2025-11-05 02:00:00,Device_9,North,79.26,0.42,12.22,100.0
2025-11-05 03:00:00,Device_9,North,55.97,0.95,13.72,99.46
2025-11-05 04:00:00,Device_9,North,50.28,0.65,10.71,99.47
2025-11-05 05:00:00,Device_9,North,58.47,0.79,11.9,100.0
2025-11-05 06:00:00,Device_9,North,55.87,0.34,13.04,100.0
2025-11-05 07:00:00,Device_9,North,76.05,0.55,13.02,99.34
2025-11-05 08:00:00,Device_9,North,43.83,0.81,8.23,97.92
2025-11-05 09:00:00,Device_9,North,60.83,0.4,14.39,99.45
2025-11-05 10:00:00,Device_9,North,62.07,0.16,12.08,98.95
2025-11-05 11:00:00,Device_9,North,63.33,0.37,13.57,98.65
2025-11-05 12:00:00,Device_9,North,66.44,0.74,10.4,98.23
2025-11-05 13:00:00,Device_9,North,67.15,0.1,15.33,99.01
2025-11-05 14:00:00,Device_9,North,58.28,0.66,13.45,99.01
2025-11-05 15:00:00,Device_9,North,73.18,0.3,14.14,97.92
2025-11-05 16:00:00,Device_9,North,67.66,0.4,8.07,99.26
2025-11-05 17:00:00,Device_9,North,59.48,0.04,5.66,98.85
2025-11-05 18:00:00,Device_9,North,84.27,0.6,10.0,100.0
2025-11-05 19:00:00,Device_9,North,73.61,0.88,14.05,99.89
2025-11-05 20:00:00,Device_9,North,70.97,0.36,7.09,98.48
2025-11-05 21:00:00,Device_9,North,76.57,0.39,11.56,97.83
2025-11-05 22:00:00,Device_9,North,51.73,0.5,13.48,98.54
2025-11-05 23:00:00,Device_9,North,52.07,0.75,12.98,99.45
2025-11-06 00:00:00,Device_9,North,82.92,0.35,11.85,99.55
2025-11-06 01:00:00,Device_9,North,46.93,0.57,12.07,100.0
2025-11-06 02:00:00,Device_9,North,61.5,0.85,14.49,97.84
2025-11-06 03:00:00,Device_9,North,36.77,0.57,15.77,99.29
2025-11-06 04:00:00,Device_9,North,61.18,0.41,8.03,98.04
2025-11-06 05:00:00,Device_9,North,35.67,0.17,10.42,99.78
2025-11-06 06:00:00,Device_9,North,53.32,0.58,12.41,99.5
2025-11-06 07:00:00,Device_9,North,44.48,0.82,7.78,98.55
2025-11-06 08:00:00,Device_9,North,59.69,0.73,16.14,99.77
2025-11-06 09:00:00,Device_9,North,81.24,0.25,15.57,100.0
2025-11-06 10:00:00,Device_9,North,24.06,0.43,13.81,98.48
2025-11-06 11:00:00,Device_9,North,43.71,1.13,12.33,99.14
2025-11-06 12:00:00,Device_9,North,40.37,0.32,9.31,100.0
2025-11-06 13:00:00,Device_9,North,67.57,0.33,13.68,98.75
2025-11-06 14:00:00,Device_9,North,63.52,0.57,13.26,99.3
2025-11-06 15:00:00,Device_9,North,66.32,0.88,13.92,98.66
2025-11-06 16:00:00,Device_9,North,58.53,0.87,12.34,98.63
2025-11-06 17:00:00,Device_9,North,50.53,0.58,9.44,100.0
2025-11-06 18:00:00,Device_9,North,44.43,0.94,11.14,97.92
2025-11-06 19:00:00,Device_9,North,62.84,0.21,12.1,98.42
2025-11-06 20:00:00,Device_9,North,74.18,0.54,8.43,98.4
2025-11-06 21:00:00,Device_9,North,70.57,0.89,11.86,97.96
2025-11-06 22:00:00,Device_9,North,75.81,0.71,15.92,99.29
2025-11-06 23:00:00,Device_9,North,52.19,0.66,12.98,98.43
2025-11-07 00:00:00,Device_9,North,62.98,0.44,14.23,99.49
2025-11-07 01:00:00,Device_9,North,44.23,0.15,11.73,99.03
2025-11-07 02:00:00,Device_9,North,71.41,0.65,16.38,98.53
2025-11-07 03:00:00,Device_9,North,52.14,0.21,14.25,99.02
2025-11-07 04:00:00,Device_9,North,32.2,0.56,12.8,98.86
2025-11-07 05:00:00,Device_9,North,64.45,0.13,16.92,99.38
2025-11-07 06:00:00,Device_9,North,33.39,0.5,13.22,97.89
2025-11-07 07:00:00,Device_9,North,68.0,1.0,10.07,99.43
2025-11-07 08:00:00,Device_9,North,63.13,0.79,11.67,97.93
2025-11-07 09:00:00,Device_9,North,73.56,0.2,17.43,99.56
2025-11-07 10:00:00,Device_9,North,51.02,0.83,11.97,98.78
2025-11-07 11:00:00,Device_9,North,49.79,0.0,13.81,97.37
2025-11-07 12:00:00,Device_9,North,48.1,0.63,10.5,99.16
2025-11-07 13:00:00,Device_9,North,41.79,0.4,12.49,98.05
2025-11-07 14:00:00,Device_9,North,85.3,0.31,16.14,98.83
2025-11-07 15:00:00,Device_9,North,36.47,0.16,12.53,100.0
2025-11-07 16:00:00,Device_9,North,86.55,0.54,8.47,99.28
2025-11-07 17:00:00,Device_9,North,47.62,0.62,9.18,96.91
2025-11-07 18:00:00,Device_9,North,79.75,0.43,12.15,100.0
2025-11-07 19:00:00,Device_9,North,88.18,0.72,12.31,99.46
2025-11-07 20:00:00,Device_9,North,55.58,0.51,12.43,98.21
2025-11-07 21:00:00,Device_9,North,60.32,0.61,13.55,99.44
2025-11-07 22:00:00,Device_9,North,39.91,0.87,15.44,98.9
2025-11-07 23:00:00,Device_9,North,66.83,0.44,14.26,98.19
2025-11-01 00:00:00,Device_10,East,60.43,0.51,3.5,100.0
2025-11-01 01:00:00,Device_10,East,27.91,0.46,15.98,100.0
2025-11-01 02:00:00,Device_10,East,54.55,0.07,15.87,99.87
2025-11-01 03:00:00,Device_10,East,52.67,0.32,9.85,98.66
2025-11-01 04:00:00,Device_10,East,64.74,0.33,10.68,99.64
2025-11-01 05:00:00,Device_10,East,37.76,0.39,6.97,99.11
2025-11-01 06:00:00,Device_10,East,30.91,0.77,8.06,97.23
2025-11-01 07:00:00,Device_10,East,54.55,1.01,14.13,97.08
2025-11-01 08:00:00,Device_10,East,39.85,0.38,18.72,98.06
2025-11-01 09:00:00,Device_10,East,46.04,0.96,12.58,100.0
2025-11-01 10:00:00,Device_10,East,49.09,0.47,15.95,98.86
2025-11-01 11:00:00,Device_10,East,76.85,0.62,8.88,98.98
2025-11-01 12:00:00,Device_10,East,74.72,0.7,11.88,97.11
2025-11-01 13:00:00,Device_10,East,33.06,0.03,10.47,98.62
2025-11-01 14:00:00,Device_10,East,37.87,0.81,8.21,97.63
2025-11-01 15:00:00,Device_10,East,61.32,0.79,18.16,99.58
2025-11-01 16:00:00,Device_10,East,83.7,0.14,18.48,97.14
2025-11-01 17:00:00,Device_10,East,52.44,0.67,7.18,98.07
2025-11-01 18:00:00,Device_10,East,43.71,0.41,16.26,99.02
2025-11-01 19:00:00,Device_10,East,53.05,0.0,13.4,99.79
2025-11-01 20:00:00,Device_10,East,34.5,0.48,12.58,99.96
2025-11-01 21:00:00,Device_10,East,49.13,0.24,10.63,100.0
2025-11-01 22:00:00,Device_10,East,75.66,0.49,15.06,96.63
2025-11-01 23:00:00,Device_10,East,71.87,0.16,17.3,97.94
2025-11-02 00:00:00,Device_10,East,47.21,0.67,13.98,98.55
2025-11-02 01:00:00,Device_10,East,65.57,0.65,13.18,98.6
2025-11-02 02:00:00,Device_10,East,67.58,0.92,8.32,98.16
2025-11-02 03:00:00,Device_10,East,60.41,0.18,6.59,100.0
2025-11-02 04:00:00,Device_10,East,26.57,0.38,14.28,99.27
2025-11-02 05:00:00,Device_10,East,54.19,0.17,13.03,98.01
2025-11-02 06:00:00,Device_10,East,63.99,0.54,12.45,98.36
2025-11-02 07:00:00,Device_10,East,90.53,0.61,11.16,99.26
2025-11-02 08:00:00,Device_10,East,48.38,0.38,19.18,98.23
2025-11-02 09:00:00,Device_10,East,58.83,0.36,8.88,99.42
2025-11-02 10:00:00,Device_10,East,60.55,0.77,14.43,99.9
2025-11-02 11:00:00,Device_10,East,46.23,0.69,14.0,97.98
2025-11-02 12:00:00,Device_10,East,55.22,0.06,14.01,99.67
2025-11-02 13:00:00,Device_10,East,81.46,0.43,13.35,99.99
2025-11-02 14:00:00,Device_10,East,48.69,0.23,9.83,98.65
2025-11-02 15:00:00,Device_10,East,46.94,0.3,14.64,98.9
2025-11-02 16:00:00,Device_10,East,64.6,0.33,10.15,99.29
2025-11-02 17:00:00,Device_10,East,61.89,0.73,15.9,98.31
2025-11-02 18:00:00,Device_10,East,72.92,0.18,18.22,98.21
2025-11-02 19:00:00,Device_10,East,70.36,0.17,11.54,100.0
2025-11-02 20:00:00,Device_10,East,47.73,1.16,11.98,99.98
2025-11-02 21:00:00,Device_10,East,66.04,0.64,7.72,98.53
2025-11-02 22:00:00,Device_10,East,77.94,0.4,12.42,97.45
2025-11-02 23:00:00,Device_10,East,51.94,0.84,8.15,99.72
2025-11-03 00:00:00,Device_10,East,62.67,0.43,11.16,98.51
2025-11-03 01:00:00,Device_10,East,53.97,0.78,10.7,100.0
2025-11-03 02:00:00,Device_10,East,64.49,0.33,14.92,99.62
2025-11-03 03:00:00,Device_10,East,35.19,0.19,11.65,97.42
2025-11-03 04:00:00,Device_10,East,91.36,0.75,11.96,98.66
2025-11-03 05:00:00,Device_10,East,51.01,0.0,6.8,100.0
2025-11-03 06:00:00,Device_10,East,83.6,0.33,14.72,99.51
2025-11-03 07:00:00,Device_10,East,69.36,0.07,6.58,100.0
2025-11-03 08:00:00,Device_10,East,30.31,0.46,10.9,98.54
2025-11-03 09:00:00,Device_10,East,64.72,0.3,13.19,99.14
2025-11-03 10:00:00,Device_10,East,91.48,0.08,12.09,99.43
2025-11-03 11:00:00,Device_10,East,56.15,0.1,15.77,99.34
2025-11-03 12:00:00,Device_10,East,41.0,0.63,17.1,98.96
2025-11-03 13:00:00,Device_10,East,59.97,0.97,9.09,100.0
2025-11-03 14:00:00,Device_10,East,74.59,0.22,10.0,98.48
2025-11-03 15:00:00,Device_10,East,32.5,0.58,9.36,99.3
2025-11-03 16:00:00,Device_10,East,40.64,0.78,14.21,98.29
2025-11-03 17:00:00,Device_10,East,65.39,0.52,16.45,97.97
2025-11-03 18:00:00,Device_10,East,57.72,0.31,12.13,99.53
2025-11-03 19:00:00,Device_10,East,50.22,0.39,14.9,100.0
2025-11-03 20:00:00,Device_10,East,67.4,0.46,11.3,99.55
2025-11-03 21:00:00,Device_10,East,63.42,0.01,13.72,98.14
2025-11-03 22:00:00,Device_10,East,38.75,0.0,11.35,97.98
2025-11-03 23:00:00,Device_10,East,25.1,0.39,10.53,98.85
2025-11-04 00:00:00,Device_10,East,50.57,1.05,13.55,98.5
2025-11-04 01:00:00,Device_10,East,59.05,0.92,14.87,97.6
2025-11-04 02:00:00,Device_10,East,45.39,0.27,10.68,98.4
2025-11-04 03:00:00,Device_10,East,60.51,0.72,14.71,98.67
2025-11-04 04:00:00,Device_10,East,35.48,0.19,10.44,97.75
2025-11-04 05:00:00,Device_10,East,77.11,0.15,13.85,97.32
2025-11-04 06:00:00,Device_10,East,69.86,0.46,16.54,97.87
2025-11-04 07:00:00,Device_10,East,51.54,0.39,11.54,98.65
2025-11-04 08:00:00,Device_10,East,55.1,0.4,5.79,99.99
2025-11-04 09:00:00,Device_10,East,102.92,0.59,8.59,97.97
2025-11-04 10:00:00,Device_10,East,69.2,0.62,11.15,99.75
2025-11-04 11:00:00,Device_10,East,29.04,0.73,12.71,98.0
2025-11-04 12:00:00,Device_10,East,38.5,0.54,16.22,98.77
2025-11-04 13:00:00,Device_10,East,47.21,0.56,17.46,99.43
2025-11-04 14:00:00,Device_10,East,68.09,0.87,13.42,98.22
2025-11-04 15:00:00,Device_10,East,33.83,0.22,8.69,99.66
2025-11-04 16:00:00,Device_10,East,71.98,0.55,8.19,100.0
2025-11-04 17:00:00,Device_10,East,53.76,0.68,12.15,99.21
2025-11-04 18:00:00,Device_10,East,68.52,0.29,15.92,97.42
2025-11-04 19:00:00,Device_10,East,44.42,0.89,13.77,100.0
2025-11-04 20:00:00,Device_10,East,61.03,1.01,6.43,97.59
2025-11-04 21:00:00,Device_10,East,73.43,0.0,11.41,100.0
2025-11-04 22:00:00,Device_10,East,67.52,0.5,10.65,99.2
2025-11-04 23:00:00,Device_10,East,68.66,0.3,13.12,100.0
2025-11-05 00:00:00,Device_10,East,56.66,0.52,13.45,99.55
2025-11-05 01:00:00,Device_10,East,73.18,0.2,10.41,98.51
2025-11-05 02:00:00,Device_10,East,46.44,0.0,2.24,100.0
2025-11-05 03:00:00,Device_10,East,36.69,0.97,14.22,98.59
2025-11-05 04:00:00,Device_10,East,69.25,0.63,8.69,98.99
2025-11-05 05:00:00,Device_10,East,45.3,0.7,9.85,98.9
2025-11-05 06:00:00,Device_10,East,57.9,0.54,16.99,98.76
2025-11-05 07:00:00,Device_10,East,78.27,0.64,16.26,98.66
2025-11-05 08:00:00,Device_10,East,70.44,0.48,3.03,97.91
2025-11-05 09:00:00,Device_10,East,68.74,0.65,8.12,99.22
2025-11-05 10:00:00,Device_10,East,67.55,0.49,14.19,99.59
2025-11-05 11:00:00,Device_10,East,59.47,0.35,15.13,99.46
2025-11-05 12:00:00,Device_10,East,39.28,0.57,8.55,98.04
2025-11-05 13:00:00,Device_10,East,50.22,0.51,13.12,98.59
2025-11-05 14:00:00,Device_10,East,54.52,0.35,15.14,96.15
2025-11-05 15:00:00,Device_10,East,55.37,0.96,13.55,100.0
2025-11-05 16:00:00,Device_10,East,29.49,0.13,13.54,100.0
2025-11-05 17:00:00,Device_10,East,42.88,0.38,13.2,97.55
2025-11-05 18:00:00,Device_10,East,67.83,0.0,13.48,98.0
2025-11-05 19:00:00,Device_10,East,53.29,0.7,13.34,98.99
2025-11-05 20:00:00,Device_10,East,74.54,0.0,12.61,98.21
2025-11-05 21:00:00,Device_10,East,73.77,0.71,14.17,100.0
2025-11-05 22:00:00,Device_10,East,76.9,0.45,12.0,99.6
2025-11-05 23:00:00,Device_10,East,62.04,0.71,5.31,100.0
2025-11-06 00:00:00,Device_10,East,60.92,0.01,9.26,96.87
2025-11-06 01:00:00,Device_10,East,43.65,0.46,16.54,99.41
2025-11-06 02:00:00,Device_10,East,63.49,0.16,9.53,98.25
2025-11-06 03:00:00,Device_10,East,49.41,0.39,11.17,98.66
2025-11-06 04:00:00,Device_10,East,49.93,0.54,11.06,97.4
2025-11-06 05:00:00,Device_10,East,60.52,0.46,7.26,98.41
2025-11-06 06:00:00,Device_10,East,68.96,0.16,8.27,98.68
2025-11-06 07:00:00,Device_10,East,69.34,1.04,13.98,100.0
2025-11-06 08:00:00,Device_10,East,65.2,0.29,13.96,98.91
2025-11-06 09:00:00,Device_10,East,65.66,0.22,13.4,98.88
2025-11-06 10:00:00,Device_10,East,63.47,0.47,11.17,99.48
2025-11-06 11:00:00,Device_10,East,53.91,0.02,6.38,99.18
2025-11-06 12:00:00,Device_10,East,53.29,0.0,12.32,98.91
2025-11-06 13:00:00,Device_10,East,52.51,0.57,15.95,100.0
2025-11-06 14:00:00,Device_10,East,62.16,0.47,12.47,99.31
2025-11-06 15:00:00,Device_10,East,55.98,0.55,7.28,99.08
2025-11-06 16:00:00,Device_10,East,67.15,0.35,11.71,97.89
2025-11-06 17:00:00,Device_10,East,41.25,0.56,9.81,97.22
2025-11-06 18:00:00,Device_10,East,43.32,0.21,14.32,99.18
2025-11-06 19:00:00,Device_10,East,46.93,0.32,15.94,99.94
2025-11-06 20:00:00,Device_10,East,43.23,0.85,11.76,99.8
2025-11-06 21:00:00,Device_10,East,57.55,0.86,8.52,98.74
2025-11-06 22:00:00,Device_10,East,78.25,0.0,11.86,98.61
2025-11-06 23:00:00,Device_10,East,70.27,0.82,14.19,99.24
2025-11-07 00:00:00,Device_10,East,60.61,0.4,12.63,100.0
2025-11-07 01:00:00,Device_10,East,47.54,0.38,11.77,100.0
2025-11-07 02:00:00,Device_10,East,63.35,0.8,15.1,99.59
2025-11-07 03:00:00,Device_10,East,44.04,1.0,16.24,99.06
2025-11-07 04:00:00,Device_10,East,39.27,0.03,12.76,98.3
2025-11-07 05:00:00,Device_10,East,34.24,0.03,10.59,99.19
2025-11-07 06:00:00,Device_10,East,81.09,0.65,10.86,99.38
2025-11-07 07:00:00,Device_10,East,64.36,0.72,11.88,100.0
2025-11-07 08:00:00,Device_10,East,72.37,0.52,11.64,99.92
2025-11-07 09:00:00,Device_10,East,49.3,0.05,7.46,98.2
2025-11-07 10:00:00,Device_10,East,69.89,0.37,12.61,98.5
2025-11-07 11:00:00,Device_10,East,52.69,0.19,11.72,98.82
2025-11-07 12:00:00,Device_10,East,66.19,0.59,11.41,97.49
2025-11-07 13:00:00,Device_10,East,76.06,0.47,12.24,100.0
2025-11-07 14:00:00,Device_10,East,73.62,0.63,11.99,98.99
2025-11-07 15:00:00,Device_10,East,63.6,0.62,17.13,100.0
2025-11-07 16:00:00,Device_10,East,64.35,0.0,9.14,100.0
2025-11-07 17:00:00,Device_10,East,70.78,0.63,11.5,97.81
2025-11-07 18:00:00,Device_10,East,85.17,0.25,14.19,97.7
2025-11-07 19:00:00,Device_10,East,56.77,0.8,11.25,98.63
2025-11-07 20:00:00,Device_10,East,60.16,0.1,7.43,99.71
2025-11-07 21:00:00,Device_10,East,53.67,0.71,15.35,100.0
2025-11-07 22:00:00,Device_10,East,35.68,0.29,13.61,99.55
2025-11-07 23:00:00,Device_10,East,93.74,0.23,15.5,99.37
